"행정구역별","산업별","조직형태별",2023,2023
"행정구역별","산업별","조직형태별",사업체수 (개),종사자수 (명)
"전국","전체 산업","계",6246489,25445897
"전국","전체 산업","개인사업체",4895583,8889801
"전국","전체 산업","회사법인",968247,11233622
"전국","전체 산업","회사이외법인",267353,4440070
"전국","전체 산업","비법인단체",115306,882404
"전국","농업, 임업 및 어업(01~03)","계",12630,65192
"전국","농업, 임업 및 어업(01~03)","회사법인",7808,35769
"전국","농업, 임업 및 어업(01~03)","회사이외법인",4639,28847
"전국","농업, 임업 및 어업(01~03)","비법인단체",183,576
"전국","광업(05~08)","계",1873,13232
"전국","광업(05~08)","개인사업체",964,2191
"전국","광업(05~08)","회사법인",898,10223
"전국","광업(05~08)","회사이외법인",11,818
"전국","제조업(10~34)","계",537580,4156969
"전국","제조업(10~34)","개인사업체",366105,1004719
"전국","제조업(10~34)","회사법인",166238,3104002
"전국","제조업(10~34)","회사이외법인",5167,48134
"전국","제조업(10~34)","비법인단체",70,114
"전국","전기, 가스, 증기 및 공기조절 공급업(35)","계",109976,175313
"전국","전기, 가스, 증기 및 공기조절 공급업(35)","개인사업체",102042,102919
"전국","전기, 가스, 증기 및 공기조절 공급업(35)","회사법인",6897,43800
"전국","전기, 가스, 증기 및 공기조절 공급업(35)","회사이외법인",1002,28555
"전국","전기, 가스, 증기 및 공기조절 공급업(35)","비법인단체",35,39
"전국","수도, 하수 및 폐기물 처리, 원료 재생업(36~39)","계",13696,131801
"전국","수도, 하수 및 폐기물 처리, 원료 재생업(36~39)","개인사업체",5288,13407
"전국","수도, 하수 및 폐기물 처리, 원료 재생업(36~39)","회사법인",7153,84496
"전국","수도, 하수 및 폐기물 처리, 원료 재생업(36~39)","회사이외법인",1248,33882
"전국","수도, 하수 및 폐기물 처리, 원료 재생업(36~39)","비법인단체",7,16
"전국","건설업(41~42)","계",497848,1923114
"전국","건설업(41~42)","개인사업체",384309,523927
"전국","건설업(41~42)","회사법인",113118,1392846
"전국","건설업(41~42)","회사이외법인",388,6142
"전국","건설업(41~42)","비법인단체",33,199
"전국","도매 및 소매업(45~47)","계",1576429,3574852
"전국","도매 및 소매업(45~47)","개인사업체",1322015,2041109
"전국","도매 및 소매업(45~47)","회사법인",240888,1460694
"전국","도매 및 소매업(45~47)","회사이외법인",13081,72128
"전국","도매 및 소매업(45~47)","비법인단체",445,921
"전국","운수 및 창고업(49~52)","계",669091,1427375
"전국","운수 및 창고업(49~52)","개인사업체",628498,694907
"전국","운수 및 창고업(49~52)","회사법인",36057,641236
"전국","운수 및 창고업(49~52)","회사이외법인",4423,90274
"전국","운수 및 창고업(49~52)","비법인단체",113,958
"전국","숙박 및 음식점업(55~56)","계",860198,2298936
"전국","숙박 및 음식점업(55~56)","개인사업체",811530,1885913
"전국","숙박 및 음식점업(55~56)","회사법인",44354,387443
"전국","숙박 및 음식점업(55~56)","회사이외법인",4152,25158
"전국","숙박 및 음식점업(55~56)","비법인단체",162,422
"전국","정보통신업(58~63)","계",131273,873769
"전국","정보통신업(58~63)","개인사업체",71242,93329
"전국","정보통신업(58~63)","회사법인",56445,716148
"전국","정보통신업(58~63)","회사이외법인",3487,64124
"전국","정보통신업(58~63)","비법인단체",99,168
"전국","금융 및 보험업(64~66)","계",66014,732954
"전국","금융 및 보험업(64~66)","개인사업체",15275,22468
"전국","금융 및 보험업(64~66)","회사법인",33558,526040
"전국","금융 및 보험업(64~66)","회사이외법인",14031,180085
"전국","금융 및 보험업(64~66)","비법인단체",3150,4361
"전국","부동산업(68)","계",288971,674587
"전국","부동산업(68)","개인사업체",162413,198572
"전국","부동산업(68)","회사법인",94780,310879
"전국","부동산업(68)","회사이외법인",23002,133689
"전국","부동산업(68)","비법인단체",8776,31447
"전국","전문, 과학 및 기술 서비스업(70~73)","계",232104,1492837
"전국","전문, 과학 및 기술 서비스업(70~73)","개인사업체",141105,275464
"전국","전문, 과학 및 기술 서비스업(70~73)","회사법인",75795,939655
"전국","전문, 과학 및 기술 서비스업(70~73)","회사이외법인",14938,277163
"전국","전문, 과학 및 기술 서비스업(70~73)","비법인단체",266,555
"전국","사업시설 관리, 사업 지원 및 임대 서비스업(74~76)","계",137330,1338595
"전국","사업시설 관리, 사업 지원 및 임대 서비스업(74~76)","개인사업체",89445,159399
"전국","사업시설 관리, 사업 지원 및 임대 서비스업(74~76)","회사법인",43757,1129894
"전국","사업시설 관리, 사업 지원 및 임대 서비스업(74~76)","회사이외법인",3328,47429
"전국","사업시설 관리, 사업 지원 및 임대 서비스업(74~76)","비법인단체",800,1873
"전국","공공행정, 국방 및 사회보장 행정(84)","계",12616,899420
"전국","공공행정, 국방 및 사회보장 행정(84)","회사법인",1,X
"전국","공공행정, 국방 및 사회보장 행정(84)","회사이외법인",12604,898932
"전국","공공행정, 국방 및 사회보장 행정(84)","비법인단체",11,66
"전국","교육 서비스업(85)","계",270205,1718615
"전국","교육 서비스업(85)","개인사업체",221068,420437
"전국","교육 서비스업(85)","회사법인",17725,172935
"전국","교육 서비스업(85)","회사이외법인",27105,1079514
"전국","교육 서비스업(85)","비법인단체",4307,45729
"전국","보건업 및 사회복지 서비스업(86~87)","계",167755,2567968
"전국","보건업 및 사회복지 서비스업(86~87)","개인사업체",82506,712017
"전국","보건업 및 사회복지 서비스업(86~87)","회사법인",2027,44748
"전국","보건업 및 사회복지 서비스업(86~87)","회사이외법인",32876,1083795
"전국","보건업 및 사회복지 서비스업(86~87)","비법인단체",50346,727408
"전국","예술, 스포츠 및 여가관련 서비스업(90~91)","계",147479,455369
"전국","예술, 스포츠 및 여가관련 서비스업(90~91)","개인사업체",124544,211988
"전국","예술, 스포츠 및 여가관련 서비스업(90~91)","회사법인",10624,121740
"전국","예술, 스포츠 및 여가관련 서비스업(90~91)","회사이외법인",9106,115396
"전국","예술, 스포츠 및 여가관련 서비스업(90~91)","비법인단체",3205,6245
"전국","협회 및 단체, 수리 및 기타 개인 서비스업(94~96)","계",513421,924999
"전국","협회 및 단체, 수리 및 기타 개인 서비스업(94~96)","개인사업체",367234,527035
"전국","협회 및 단체, 수리 및 기타 개인 서비스업(94~96)","회사법인",10124,110652
"전국","협회 및 단체, 수리 및 기타 개인 서비스업(94~96)","회사이외법인",92765,226005
"전국","협회 및 단체, 수리 및 기타 개인 서비스업(94~96)","비법인단체",43298,61307
"서울","전체 산업","계",1177287,5800617
"서울","전체 산업","개인사업체",870011,1601280
"서울","전체 산업","회사법인",250255,3168364
"서울","전체 산업","회사이외법인",41564,900024
"서울","전체 산업","비법인단체",15457,130949
"서울","농업, 임업 및 어업(01~03)","계",112,522
"서울","농업, 임업 및 어업(01~03)","회사법인",101,468
"서울","농업, 임업 및 어업(01~03)","회사이외법인",11,54
"서울","광업(05~08)","계",21,141
"서울","광업(05~08)","개인사업체",2,X
"서울","광업(05~08)","회사법인",19,139
"서울","제조업(10~34)","계",67269,241919
"서울","제조업(10~34)","개인사업체",53312,119373
"서울","제조업(10~34)","회사법인",13730,120012
"서울","제조업(10~34)","회사이외법인",225,2531
"서울","제조업(10~34)","비법인단체",2,X
"서울","전기, 가스, 증기 및 공기조절 공급업(35)","계",755,7368
"서울","전기, 가스, 증기 및 공기조절 공급업(35)","개인사업체",323,356
"서울","전기, 가스, 증기 및 공기조절 공급업(35)","회사법인",386,4013
"서울","전기, 가스, 증기 및 공기조절 공급업(35)","회사이외법인",46,2999
"서울","수도, 하수 및 폐기물 처리, 원료 재생업(36~39)","계",741,10599
"서울","수도, 하수 및 폐기물 처리, 원료 재생업(36~39)","개인사업체",233,390
"서울","수도, 하수 및 폐기물 처리, 원료 재생업(36~39)","회사법인",407,7250
"서울","수도, 하수 및 폐기물 처리, 원료 재생업(36~39)","회사이외법인",101,2959
"서울","건설업(41~42)","계",66079,408445
"서울","건설업(41~42)","개인사업체",50776,67578
"서울","건설업(41~42)","회사법인",15236,340078
"서울","건설업(41~42)","회사이외법인",65,787
"서울","건설업(41~42)","비법인단체",2,X
"서울","도매 및 소매업(45~47)","계",332064,950356
"서울","도매 및 소매업(45~47)","개인사업체",258642,383449
"서울","도매 및 소매업(45~47)","회사법인",72378,560592
"서울","도매 및 소매업(45~47)","회사이외법인",1026,6165
"서울","도매 및 소매업(45~47)","비법인단체",18,150
"서울","운수 및 창고업(49~52)","계",117785,285491
"서울","운수 및 창고업(49~52)","개인사업체",110495,117584
"서울","운수 및 창고업(49~52)","회사법인",6291,146342
"서울","운수 및 창고업(49~52)","회사이외법인",996,21561
"서울","운수 및 창고업(49~52)","비법인단체",3,4
"서울","숙박 및 음식점업(55~56)","계",138619,462916
"서울","숙박 및 음식점업(55~56)","개인사업체",123500,327728
"서울","숙박 및 음식점업(55~56)","회사법인",14601,131247
"서울","숙박 및 음식점업(55~56)","회사이외법인",508,3893
"서울","숙박 및 음식점업(55~56)","비법인단체",10,48
"서울","정보통신업(58~63)","계",57551,507543
"서울","정보통신업(58~63)","개인사업체",25391,34624
"서울","정보통신업(58~63)","회사법인",31554,456117
"서울","정보통신업(58~63)","회사이외법인",582,16754
"서울","정보통신업(58~63)","비법인단체",24,48
"서울","금융 및 보험업(64~66)","계",24874,293487
"서울","금융 및 보험업(64~66)","개인사업체",4012,5588
"서울","금융 및 보험업(64~66)","회사법인",16516,241426
"서울","금융 및 보험업(64~66)","회사이외법인",1851,43119
"서울","금융 및 보험업(64~66)","비법인단체",2495,3354
"서울","부동산업(68)","계",71119,193591
"서울","부동산업(68)","개인사업체",42741,56531
"서울","부동산업(68)","회사법인",21796,98660
"서울","부동산업(68)","회사이외법인",4867,30635
"서울","부동산업(68)","비법인단체",1715,7765
"서울","전문, 과학 및 기술 서비스업(70~73)","계",80707,628504
"서울","전문, 과학 및 기술 서비스업(70~73)","개인사업체",42158,84828
"서울","전문, 과학 및 기술 서비스업(70~73)","회사법인",32927,440567
"서울","전문, 과학 및 기술 서비스업(70~73)","회사이외법인",5559,102952
"서울","전문, 과학 및 기술 서비스업(70~73)","비법인단체",63,157
"서울","사업시설 관리, 사업 지원 및 임대 서비스업(74~76)","계",28626,524790
"서울","사업시설 관리, 사업 지원 및 임대 서비스업(74~76)","개인사업체",15924,25897
"서울","사업시설 관리, 사업 지원 및 임대 서비스업(74~76)","회사법인",12107,488892
"서울","사업시설 관리, 사업 지원 및 임대 서비스업(74~76)","회사이외법인",518,9782
"서울","사업시설 관리, 사업 지원 및 임대 서비스업(74~76)","비법인단체",77,219
"서울","공공행정, 국방 및 사회보장 행정(84)","계",1267,157992
"서울","공공행정, 국방 및 사회보장 행정(84)","회사법인",1,X
"서울","공공행정, 국방 및 사회보장 행정(84)","회사이외법인",1264,157554
"서울","공공행정, 국방 및 사회보장 행정(84)","비법인단체",2,X
"서울","교육 서비스업(85)","계",49232,364171
"서울","교육 서비스업(85)","개인사업체",38561,78460
"서울","교육 서비스업(85)","회사법인",6356,71581
"서울","교육 서비스업(85)","회사이외법인",3780,207848
"서울","교육 서비스업(85)","비법인단체",535,6282
"서울","보건업 및 사회복지 서비스업(86~87)","계",32286,486955
"서울","보건업 및 사회복지 서비스업(86~87)","개인사업체",20604,164741
"서울","보건업 및 사회복지 서비스업(86~87)","회사법인",452,10606
"서울","보건업 및 사회복지 서비스업(86~87)","회사이외법인",4561,206159
"서울","보건업 및 사회복지 서비스업(86~87)","비법인단체",6669,105449
"서울","예술, 스포츠 및 여가관련 서비스업(90~91)","계",28777,91995
"서울","예술, 스포츠 및 여가관련 서비스업(90~91)","개인사업체",23965,42026
"서울","예술, 스포츠 및 여가관련 서비스업(90~91)","회사법인",3222,23630
"서울","예술, 스포츠 및 여가관련 서비스업(90~91)","회사이외법인",1334,25787
"서울","예술, 스포츠 및 여가관련 서비스업(90~91)","비법인단체",256,552
"서울","협회 및 단체, 수리 및 기타 개인 서비스업(94~96)","계",79403,183832
"서울","협회 및 단체, 수리 및 기타 개인 서비스업(94~96)","개인사업체",59372,92125
"서울","협회 및 단체, 수리 및 기타 개인 서비스업(94~96)","회사법인",2175,26322
"서울","협회 및 단체, 수리 및 기타 개인 서비스업(94~96)","회사이외법인",14270,58485
"서울","협회 및 단체, 수리 및 기타 개인 서비스업(94~96)","비법인단체",3586,6900
"부산","전체 산업","계",401008,1555085
"부산","전체 산업","개인사업체",324377,622429
"부산","전체 산업","회사법인",55917,595525
"부산","전체 산업","회사이외법인",15352,290812
"부산","전체 산업","비법인단체",5362,46319
"부산","농업, 임업 및 어업(01~03)","계",139,2915
"부산","농업, 임업 및 어업(01~03)","회사법인",117,2793
"부산","농업, 임업 및 어업(01~03)","회사이외법인",21,120
"부산","농업, 임업 및 어업(01~03)","비법인단체",1,X
"부산","광업(05~08)","계",13,32
"부산","광업(05~08)","개인사업체",4,6
"부산","광업(05~08)","회사법인",9,26
"부산","제조업(10~34)","계",35062,205191
"부산","제조업(10~34)","개인사업체",27508,79155
"부산","제조업(10~34)","회사법인",7457,124491
"부산","제조업(10~34)","회사이외법인",94,1541
"부산","제조업(10~34)","비법인단체",3,4
"부산","전기, 가스, 증기 및 공기조절 공급업(35)","계",377,4428
"부산","전기, 가스, 증기 및 공기조절 공급업(35)","개인사업체",245,265
"부산","전기, 가스, 증기 및 공기조절 공급업(35)","회사법인",103,2940
"부산","전기, 가스, 증기 및 공기조절 공급업(35)","회사이외법인",29,1223
"부산","수도, 하수 및 폐기물 처리, 원료 재생업(36~39)","계",677,7695
"부산","수도, 하수 및 폐기물 처리, 원료 재생업(36~39)","개인사업체",267,882
"부산","수도, 하수 및 폐기물 처리, 원료 재생업(36~39)","회사법인",346,4541
"부산","수도, 하수 및 폐기물 처리, 원료 재생업(36~39)","회사이외법인",64,2272
"부산","건설업(41~42)","계",26182,115039
"부산","건설업(41~42)","개인사업체",20557,31304
"부산","건설업(41~42)","회사법인",5617,83556
"부산","건설업(41~42)","회사이외법인",8,179
"부산","도매 및 소매업(45~47)","계",109774,240302
"부산","도매 및 소매업(45~47)","개인사업체",94208,150010
"부산","도매 및 소매업(45~47)","회사법인",15220,88473
"부산","도매 및 소매업(45~47)","회사이외법인",329,1788
"부산","도매 및 소매업(45~47)","비법인단체",17,31
"부산","운수 및 창고업(49~52)","계",51527,132691
"부산","운수 및 창고업(49~52)","개인사업체",47145,52759
"부산","운수 및 창고업(49~52)","회사법인",3948,68292
"부산","운수 및 창고업(49~52)","회사이외법인",410,11254
"부산","운수 및 창고업(49~52)","비법인단체",24,386
"부산","숙박 및 음식점업(55~56)","계",55922,158094
"부산","숙박 및 음식점업(55~56)","개인사업체",52975,128860
"부산","숙박 및 음식점업(55~56)","회사법인",2691,27152
"부산","숙박 및 음식점업(55~56)","회사이외법인",253,2077
"부산","숙박 및 음식점업(55~56)","비법인단체",3,5
"부산","정보통신업(58~63)","계",4536,22775
"부산","정보통신업(58~63)","개인사업체",2537,3804
"부산","정보통신업(58~63)","회사법인",1838,15790
"부산","정보통신업(58~63)","회사이외법인",160,3180
"부산","정보통신업(58~63)","비법인단체",1,X
"부산","금융 및 보험업(64~66)","계",3866,50197
"부산","금융 및 보험업(64~66)","개인사업체",1075,1843
"부산","금융 및 보험업(64~66)","회사법인",1971,36758
"부산","금융 및 보험업(64~66)","회사이외법인",777,11552
"부산","금융 및 보험업(64~66)","비법인단체",43,44
"부산","부동산업(68)","계",21251,46384
"부산","부동산업(68)","개인사업체",10062,12767
"부산","부동산업(68)","회사법인",8201,20545
"부산","부동산업(68)","회사이외법인",2343,11253
"부산","부동산업(68)","비법인단체",645,1819
"부산","전문, 과학 및 기술 서비스업(70~73)","계",12728,59574
"부산","전문, 과학 및 기술 서비스업(70~73)","개인사업체",8250,17106
"부산","전문, 과학 및 기술 서비스업(70~73)","회사법인",3499,29810
"부산","전문, 과학 및 기술 서비스업(70~73)","회사이외법인",955,12600
"부산","전문, 과학 및 기술 서비스업(70~73)","비법인단체",24,58
"부산","사업시설 관리, 사업 지원 및 임대 서비스업(74~76)","계",8763,78448
"부산","사업시설 관리, 사업 지원 및 임대 서비스업(74~76)","개인사업체",5589,10643
"부산","사업시설 관리, 사업 지원 및 임대 서비스업(74~76)","회사법인",2614,63491
"부산","사업시설 관리, 사업 지원 및 임대 서비스업(74~76)","회사이외법인",270,3857
"부산","사업시설 관리, 사업 지원 및 임대 서비스업(74~76)","비법인단체",290,457
"부산","공공행정, 국방 및 사회보장 행정(84)","계",690,51003
"부산","공공행정, 국방 및 사회보장 행정(84)","회사이외법인",690,51003
"부산","교육 서비스업(85)","계",17176,104913
"부산","교육 서비스업(85)","개인사업체",14620,27775
"부산","교육 서비스업(85)","회사법인",921,8525
"부산","교육 서비스업(85)","회사이외법인",1365,65480
"부산","교육 서비스업(85)","비법인단체",270,3133
"부산","보건업 및 사회복지 서비스업(86~87)","계",10799,190746
"부산","보건업 및 사회복지 서비스업(86~87)","개인사업체",6040,54781
"부산","보건업 및 사회복지 서비스업(86~87)","회사법인",220,6404
"부산","보건업 및 사회복지 서비스업(86~87)","회사이외법인",2063,91478
"부산","보건업 및 사회복지 서비스업(86~87)","비법인단체",2476,38083
"부산","예술, 스포츠 및 여가관련 서비스업(90~91)","계",8247,25159
"부산","예술, 스포츠 및 여가관련 서비스업(90~91)","개인사업체",7172,13182
"부산","예술, 스포츠 및 여가관련 서비스업(90~91)","회사법인",515,4904
"부산","예술, 스포츠 및 여가관련 서비스업(90~91)","회사이외법인",431,6862
"부산","예술, 스포츠 및 여가관련 서비스업(90~91)","비법인단체",129,211
"부산","협회 및 단체, 수리 및 기타 개인 서비스업(94~96)","계",33279,59499
"부산","협회 및 단체, 수리 및 기타 개인 서비스업(94~96)","개인사업체",26123,37287
"부산","협회 및 단체, 수리 및 기타 개인 서비스업(94~96)","회사법인",630,7034
"부산","협회 및 단체, 수리 및 기타 개인 서비스업(94~96)","회사이외법인",5090,13093
"부산","협회 및 단체, 수리 및 기타 개인 서비스업(94~96)","비법인단체",1436,2085
"대구","전체 산업","계",285388,1028785
"대구","전체 산업","개인사업체",238295,450409
"대구","전체 산업","회사법인",32640,343478
"대구","전체 산업","회사이외법인",10761,198179
"대구","전체 산업","비법인단체",3692,36719
"대구","농업, 임업 및 어업(01~03)","계",96,575
"대구","농업, 임업 및 어업(01~03)","회사법인",67,190
"대구","농업, 임업 및 어업(01~03)","회사이외법인",29,385
"대구","광업(05~08)","계",10,84
"대구","광업(05~08)","개인사업체",2,X
"대구","광업(05~08)","회사법인",8,79
"대구","제조업(10~34)","계",30025,164964
"대구","제조업(10~34)","개인사업체",24659,69340
"대구","제조업(10~34)","회사법인",5265,94224
"대구","제조업(10~34)","회사이외법인",101,1400
"대구","전기, 가스, 증기 및 공기조절 공급업(35)","계",1357,4014
"대구","전기, 가스, 증기 및 공기조절 공급업(35)","개인사업체",1074,1107
"대구","전기, 가스, 증기 및 공기조절 공급업(35)","회사법인",269,873
"대구","전기, 가스, 증기 및 공기조절 공급업(35)","회사이외법인",14,2034
"대구","수도, 하수 및 폐기물 처리, 원료 재생업(36~39)","계",499,4670
"대구","수도, 하수 및 폐기물 처리, 원료 재생업(36~39)","개인사업체",192,517
"대구","수도, 하수 및 폐기물 처리, 원료 재생업(36~39)","회사법인",259,2412
"대구","수도, 하수 및 폐기물 처리, 원료 재생업(36~39)","회사이외법인",48,1741
"대구","건설업(41~42)","계",20206,73138
"대구","건설업(41~42)","개인사업체",16077,22733
"대구","건설업(41~42)","회사법인",4109,50182
"대구","건설업(41~42)","회사이외법인",18,220
"대구","건설업(41~42)","비법인단체",2,X
"대구","도매 및 소매업(45~47)","계",75135,155834
"대구","도매 및 소매업(45~47)","개인사업체",66420,105525
"대구","도매 및 소매업(45~47)","회사법인",8281,48945
"대구","도매 및 소매업(45~47)","회사이외법인",414,1337
"대구","도매 및 소매업(45~47)","비법인단체",20,27
"대구","운수 및 창고업(49~52)","계",34118,59657
"대구","운수 및 창고업(49~52)","개인사업체",32952,36414
"대구","운수 및 창고업(49~52)","회사법인",947,17863
"대구","운수 및 창고업(49~52)","회사이외법인",218,5379
"대구","운수 및 창고업(49~52)","비법인단체",1,X
"대구","숙박 및 음식점업(55~56)","계",37976,97701
"대구","숙박 및 음식점업(55~56)","개인사업체",36290,84411
"대구","숙박 및 음식점업(55~56)","회사법인",1521,12445
"대구","숙박 및 음식점업(55~56)","회사이외법인",163,843
"대구","숙박 및 음식점업(55~56)","비법인단체",2,X
"대구","정보통신업(58~63)","계",3052,16924
"대구","정보통신업(58~63)","개인사업체",1706,2587
"대구","정보통신업(58~63)","회사법인",1218,11331
"대구","정보통신업(58~63)","회사이외법인",125,3003
"대구","정보통신업(58~63)","비법인단체",3,3
"대구","금융 및 보험업(64~66)","계",2863,32373
"대구","금융 및 보험업(64~66)","개인사업체",866,1175
"대구","금융 및 보험업(64~66)","회사법인",1293,23631
"대구","금융 및 보험업(64~66)","회사이외법인",676,7536
"대구","금융 및 보험업(64~66)","비법인단체",28,31
"대구","부동산업(68)","계",12480,28935
"대구","부동산업(68)","개인사업체",6604,7884
"대구","부동산업(68)","회사법인",4353,13963
"대구","부동산업(68)","회사이외법인",1098,5585
"대구","부동산업(68)","비법인단체",425,1503
"대구","전문, 과학 및 기술 서비스업(70~73)","계",8417,36467
"대구","전문, 과학 및 기술 서비스업(70~73)","개인사업체",5802,12337
"대구","전문, 과학 및 기술 서비스업(70~73)","회사법인",2017,15391
"대구","전문, 과학 및 기술 서비스업(70~73)","회사이외법인",590,8724
"대구","전문, 과학 및 기술 서비스업(70~73)","비법인단체",8,15
"대구","사업시설 관리, 사업 지원 및 임대 서비스업(74~76)","계",5263,45788
"대구","사업시설 관리, 사업 지원 및 임대 서비스업(74~76)","개인사업체",3590,6902
"대구","사업시설 관리, 사업 지원 및 임대 서비스업(74~76)","회사법인",1520,36811
"대구","사업시설 관리, 사업 지원 및 임대 서비스업(74~76)","회사이외법인",141,2044
"대구","사업시설 관리, 사업 지원 및 임대 서비스업(74~76)","비법인단체",12,31
"대구","공공행정, 국방 및 사회보장 행정(84)","계",491,35600
"대구","공공행정, 국방 및 사회보장 행정(84)","회사이외법인",491,35600
"대구","교육 서비스업(85)","계",13920,82152
"대구","교육 서비스업(85)","개인사업체",11964,22200
"대구","교육 서비스업(85)","회사법인",704,6836
"대구","교육 서비스업(85)","회사이외법인",1058,50630
"대구","교육 서비스업(85)","비법인단체",194,2486
"대구","보건업 및 사회복지 서비스업(86~87)","계",8135,132104
"대구","보건업 및 사회복지 서비스업(86~87)","개인사업체",4574,40596
"대구","보건업 및 사회복지 서비스업(86~87)","회사법인",85,1300
"대구","보건업 및 사회복지 서비스업(86~87)","회사이외법인",1470,59100
"대구","보건업 및 사회복지 서비스업(86~87)","비법인단체",2006,31108
"대구","예술, 스포츠 및 여가관련 서비스업(90~91)","계",6386,16255
"대구","예술, 스포츠 및 여가관련 서비스업(90~91)","개인사업체",5621,9511
"대구","예술, 스포츠 및 여가관련 서비스업(90~91)","회사법인",345,2697
"대구","예술, 스포츠 및 여가관련 서비스업(90~91)","회사이외법인",311,3869
"대구","예술, 스포츠 및 여가관련 서비스업(90~91)","비법인단체",109,178
"대구","협회 및 단체, 수리 및 기타 개인 서비스업(94~96)","계",24959,41550
"대구","협회 및 단체, 수리 및 기타 개인 서비스업(94~96)","개인사업체",19902,27165
"대구","협회 및 단체, 수리 및 기타 개인 서비스업(94~96)","회사법인",379,4305
"대구","협회 및 단체, 수리 및 기타 개인 서비스업(94~96)","회사이외법인",3796,8749
"대구","협회 및 단체, 수리 및 기타 개인 서비스업(94~96)","비법인단체",882,1331
"인천","전체 산업","계",322297,1258759
"인천","전체 산업","개인사업체",260896,480170
"인천","전체 산업","회사법인",45087,514612
"인천","전체 산업","회사이외법인",11147,208680
"인천","전체 산업","비법인단체",5167,55297
"인천","농업, 임업 및 어업(01~03)","계",122,488
"인천","농업, 임업 및 어업(01~03)","회사법인",88,240
"인천","농업, 임업 및 어업(01~03)","회사이외법인",33,244
"인천","농업, 임업 및 어업(01~03)","비법인단체",1,X
"인천","광업(05~08)","계",36,437
"인천","광업(05~08)","개인사업체",10,44
"인천","광업(05~08)","회사법인",26,393
"인천","제조업(10~34)","계",30869,246065
"인천","제조업(10~34)","개인사업체",20488,60127
"인천","제조업(10~34)","회사법인",10275,184895
"인천","제조업(10~34)","회사이외법인",104,1039
"인천","제조업(10~34)","비법인단체",2,X
"인천","전기, 가스, 증기 및 공기조절 공급업(35)","계",539,4462
"인천","전기, 가스, 증기 및 공기조절 공급업(35)","개인사업체",406,475
"인천","전기, 가스, 증기 및 공기조절 공급업(35)","회사법인",104,2720
"인천","전기, 가스, 증기 및 공기조절 공급업(35)","회사이외법인",29,1267
"인천","수도, 하수 및 폐기물 처리, 원료 재생업(36~39)","계",781,7695
"인천","수도, 하수 및 폐기물 처리, 원료 재생업(36~39)","개인사업체",306,740
"인천","수도, 하수 및 폐기물 처리, 원료 재생업(36~39)","회사법인",439,5149
"인천","수도, 하수 및 폐기물 처리, 원료 재생업(36~39)","회사이외법인",35,1804
"인천","수도, 하수 및 폐기물 처리, 원료 재생업(36~39)","비법인단체",1,X
"인천","건설업(41~42)","계",25648,84452
"인천","건설업(41~42)","개인사업체",20921,28133
"인천","건설업(41~42)","회사법인",4703,56152
"인천","건설업(41~42)","회사이외법인",24,167
"인천","도매 및 소매업(45~47)","계",84976,174170
"인천","도매 및 소매업(45~47)","개인사업체",72838,111055
"인천","도매 및 소매업(45~47)","회사법인",11856,61798
"인천","도매 및 소매업(45~47)","회사이외법인",267,1289
"인천","도매 및 소매업(45~47)","비법인단체",15,28
"인천","운수 및 창고업(49~52)","계",42619,100101
"인천","운수 및 창고업(49~52)","개인사업체",39749,44214
"인천","운수 및 창고업(49~52)","회사법인",2541,49433
"인천","운수 및 창고업(49~52)","회사이외법인",327,6258
"인천","운수 및 창고업(49~52)","비법인단체",2,X
"인천","숙박 및 음식점업(55~56)","계",41726,114430
"인천","숙박 및 음식점업(55~56)","개인사업체",39563,95455
"인천","숙박 및 음식점업(55~56)","회사법인",2031,18154
"인천","숙박 및 음식점업(55~56)","회사이외법인",131,819
"인천","숙박 및 음식점업(55~56)","비법인단체",1,X
"인천","정보통신업(58~63)","계",5169,15766
"인천","정보통신업(58~63)","개인사업체",3609,4519
"인천","정보통신업(58~63)","회사법인",1461,9107
"인천","정보통신업(58~63)","회사이외법인",94,2135
"인천","정보통신업(58~63)","비법인단체",5,5
"인천","금융 및 보험업(64~66)","계",2369,23536
"인천","금융 및 보험업(64~66)","개인사업체",742,1037
"인천","금융 및 보험업(64~66)","회사법인",997,15897
"인천","금융 및 보험업(64~66)","회사이외법인",575,6544
"인천","금융 및 보험업(64~66)","비법인단체",55,58
"인천","부동산업(68)","계",14760,32141
"인천","부동산업(68)","개인사업체",8843,10740
"인천","부동산업(68)","회사법인",4323,12963
"인천","부동산업(68)","회사이외법인",1213,7209
"인천","부동산업(68)","비법인단체",381,1229
"인천","전문, 과학 및 기술 서비스업(70~73)","계",9307,43550
"인천","전문, 과학 및 기술 서비스업(70~73)","개인사업체",6428,11881
"인천","전문, 과학 및 기술 서비스업(70~73)","회사법인",2361,23275
"인천","전문, 과학 및 기술 서비스업(70~73)","회사이외법인",507,8378
"인천","전문, 과학 및 기술 서비스업(70~73)","비법인단체",11,16
"인천","사업시설 관리, 사업 지원 및 임대 서비스업(74~76)","계",7534,66620
"인천","사업시설 관리, 사업 지원 및 임대 서비스업(74~76)","개인사업체",5327,8584
"인천","사업시설 관리, 사업 지원 및 임대 서비스업(74~76)","회사법인",2017,54468
"인천","사업시설 관리, 사업 지원 및 임대 서비스업(74~76)","회사이외법인",160,3428
"인천","사업시설 관리, 사업 지원 및 임대 서비스업(74~76)","비법인단체",30,140
"인천","공공행정, 국방 및 사회보장 행정(84)","계",510,45320
"인천","공공행정, 국방 및 사회보장 행정(84)","회사이외법인",510,45320
"인천","교육 서비스업(85)","계",13282,81747
"인천","교육 서비스업(85)","개인사업체",11122,22894
"인천","교육 서비스업(85)","회사법인",798,6950
"인천","교육 서비스업(85)","회사이외법인",1118,48737
"인천","교육 서비스업(85)","비법인단체",244,3166
"인천","보건업 및 사회복지 서비스업(86~87)","계",8626,150562
"인천","보건업 및 사회복지 서비스업(86~87)","개인사업체",4107,39879
"인천","보건업 및 사회복지 서비스업(86~87)","회사법인",108,2434
"인천","보건업 및 사회복지 서비스업(86~87)","회사이외법인",1249,59823
"인천","보건업 및 사회복지 서비스업(86~87)","비법인단체",3162,48426
"인천","예술, 스포츠 및 여가관련 서비스업(90~91)","계",8021,21528
"인천","예술, 스포츠 및 여가관련 서비스업(90~91)","개인사업체",7232,12304
"인천","예술, 스포츠 및 여가관련 서비스업(90~91)","회사법인",401,4942
"인천","예술, 스포츠 및 여가관련 서비스업(90~91)","회사이외법인",311,4139
"인천","예술, 스포츠 및 여가관련 서비스업(90~91)","비법인단체",77,143
"인천","협회 및 단체, 수리 및 기타 개인 서비스업(94~96)","계",25403,45689
"인천","협회 및 단체, 수리 및 기타 개인 서비스업(94~96)","개인사업체",19205,28089
"인천","협회 및 단체, 수리 및 기타 개인 서비스업(94~96)","회사법인",558,5642
"인천","협회 및 단체, 수리 및 기타 개인 서비스업(94~96)","회사이외법인",4460,10080
"인천","협회 및 단체, 수리 및 기타 개인 서비스업(94~96)","비법인단체",1180,1878
"광주","전체 산업","계",173424,678748
"광주","전체 산업","개인사업체",134127,247281
"광주","전체 산업","회사법인",28091,272476
"광주","전체 산업","회사이외법인",7640,129422
"광주","전체 산업","비법인단체",3566,29569
"광주","농업, 임업 및 어업(01~03)","계",106,517
"광주","농업, 임업 및 어업(01~03)","회사법인",79,198
"광주","농업, 임업 및 어업(01~03)","회사이외법인",27,319
"광주","광업(05~08)","계",15,33
"광주","광업(05~08)","개인사업체",1,X
"광주","광업(05~08)","회사법인",14,32
"광주","제조업(10~34)","계",10711,82335
"광주","제조업(10~34)","개인사업체",6942,14863
"광주","제조업(10~34)","회사법인",3668,66205
"광주","제조업(10~34)","회사이외법인",97,1259
"광주","제조업(10~34)","비법인단체",4,8
"광주","전기, 가스, 증기 및 공기조절 공급업(35)","계",1972,3354
"광주","전기, 가스, 증기 및 공기조절 공급업(35)","개인사업체",1230,1278
"광주","전기, 가스, 증기 및 공기조절 공급업(35)","회사법인",720,1241
"광주","전기, 가스, 증기 및 공기조절 공급업(35)","회사이외법인",20,832
"광주","전기, 가스, 증기 및 공기조절 공급업(35)","비법인단체",2,X
"광주","수도, 하수 및 폐기물 처리, 원료 재생업(36~39)","계",259,2765
"광주","수도, 하수 및 폐기물 처리, 원료 재생업(36~39)","개인사업체",88,189
"광주","수도, 하수 및 폐기물 처리, 원료 재생업(36~39)","회사법인",146,1382
"광주","수도, 하수 및 폐기물 처리, 원료 재생업(36~39)","회사이외법인",25,1194
"광주","건설업(41~42)","계",15953,72871
"광주","건설업(41~42)","개인사업체",11499,14969
"광주","건설업(41~42)","회사법인",4439,57784
"광주","건설업(41~42)","회사이외법인",14,117
"광주","건설업(41~42)","비법인단체",1,X
"광주","도매 및 소매업(45~47)","계",43318,91836
"광주","도매 및 소매업(45~47)","개인사업체",35950,54842
"광주","도매 및 소매업(45~47)","회사법인",7064,35764
"광주","도매 및 소매업(45~47)","회사이외법인",289,1213
"광주","도매 및 소매업(45~47)","비법인단체",15,17
"광주","운수 및 창고업(49~52)","계",20126,38656
"광주","운수 및 창고업(49~52)","개인사업체",19149,20998
"광주","운수 및 창고업(49~52)","회사법인",886,15222
"광주","운수 및 창고업(49~52)","회사이외법인",86,2417
"광주","운수 및 창고업(49~52)","비법인단체",5,19
"광주","숙박 및 음식점업(55~56)","계",22065,59294
"광주","숙박 및 음식점업(55~56)","개인사업체",21015,51972
"광주","숙박 및 음식점업(55~56)","회사법인",944,6725
"광주","숙박 및 음식점업(55~56)","회사이외법인",105,594
"광주","숙박 및 음식점업(55~56)","비법인단체",1,X
"광주","정보통신업(58~63)","계",2066,10619
"광주","정보통신업(58~63)","개인사업체",1083,1473
"광주","정보통신업(58~63)","회사법인",889,7183
"광주","정보통신업(58~63)","회사이외법인",92,1958
"광주","정보통신업(58~63)","비법인단체",2,X
"광주","금융 및 보험업(64~66)","계",2061,21831
"광주","금융 및 보험업(64~66)","개인사업체",625,945
"광주","금융 및 보험업(64~66)","회사법인",966,16009
"광주","금융 및 보험업(64~66)","회사이외법인",457,4842
"광주","금융 및 보험업(64~66)","비법인단체",13,35
"광주","부동산업(68)","계",9150,22009
"광주","부동산업(68)","개인사업체",4168,4575
"광주","부동산업(68)","회사법인",3947,11918
"광주","부동산업(68)","회사이외법인",726,4288
"광주","부동산업(68)","비법인단체",309,1228
"광주","전문, 과학 및 기술 서비스업(70~73)","계",6117,29279
"광주","전문, 과학 및 기술 서비스업(70~73)","개인사업체",3926,7840
"광주","전문, 과학 및 기술 서비스업(70~73)","회사법인",1754,14125
"광주","전문, 과학 및 기술 서비스업(70~73)","회사이외법인",429,7303
"광주","전문, 과학 및 기술 서비스업(70~73)","비법인단체",8,11
"광주","사업시설 관리, 사업 지원 및 임대 서비스업(74~76)","계",3910,33069
"광주","사업시설 관리, 사업 지원 및 임대 서비스업(74~76)","개인사업체",2394,4081
"광주","사업시설 관리, 사업 지원 및 임대 서비스업(74~76)","회사법인",1398,27769
"광주","사업시설 관리, 사업 지원 및 임대 서비스업(74~76)","회사이외법인",105,1199
"광주","사업시설 관리, 사업 지원 및 임대 서비스업(74~76)","비법인단체",13,20
"광주","공공행정, 국방 및 사회보장 행정(84)","계",274,23161
"광주","공공행정, 국방 및 사회보장 행정(84)","회사이외법인",273,23160
"광주","공공행정, 국방 및 사회보장 행정(84)","비법인단체",1,X
"광주","교육 서비스업(85)","계",8337,52509
"광주","교육 서비스업(85)","개인사업체",6874,12530
"광주","교육 서비스업(85)","회사법인",491,3963
"광주","교육 서비스업(85)","회사이외법인",781,34317
"광주","교육 서비스업(85)","비법인단체",191,1699
"광주","보건업 및 사회복지 서비스업(86~87)","계",5496,93458
"광주","보건업 및 사회복지 서비스업(86~87)","개인사업체",2651,32939
"광주","보건업 및 사회복지 서비스업(86~87)","회사법인",44,400
"광주","보건업 및 사회복지 서비스업(86~87)","회사이외법인",1187,35511
"광주","보건업 및 사회복지 서비스업(86~87)","비법인단체",1614,24608
"광주","예술, 스포츠 및 여가관련 서비스업(90~91)","계",4465,11758
"광주","예술, 스포츠 및 여가관련 서비스업(90~91)","개인사업체",3831,6372
"광주","예술, 스포츠 및 여가관련 서비스업(90~91)","회사법인",259,1708
"광주","예술, 스포츠 및 여가관련 서비스업(90~91)","회사이외법인",238,3476
"광주","예술, 스포츠 및 여가관련 서비스업(90~91)","비법인단체",137,202
"광주","협회 및 단체, 수리 및 기타 개인 서비스업(94~96)","계",17023,29394
"광주","협회 및 단체, 수리 및 기타 개인 서비스업(94~96)","개인사업체",12701,17414
"광주","협회 및 단체, 수리 및 기타 개인 서비스업(94~96)","회사법인",383,4848
"광주","협회 및 단체, 수리 및 기타 개인 서비스업(94~96)","회사이외법인",2689,5423
"광주","협회 및 단체, 수리 및 기타 개인 서비스업(94~96)","비법인단체",1250,1709
"대전","전체 산업","계",167782,709610
"대전","전체 산업","개인사업체",133503,244349
"대전","전체 산업","회사법인",23721,276178
"대전","전체 산업","회사이외법인",7075,160742
"대전","전체 산업","비법인단체",3483,28341
"대전","농업, 임업 및 어업(01~03)","계",84,220
"대전","농업, 임업 및 어업(01~03)","회사법인",69,160
"대전","농업, 임업 및 어업(01~03)","회사이외법인",15,60
"대전","광업(05~08)","계",8,23
"대전","광업(05~08)","개인사업체",1,X
"대전","광업(05~08)","회사법인",7,20
"대전","제조업(10~34)","계",10302,66422
"대전","제조업(10~34)","개인사업체",7218,15231
"대전","제조업(10~34)","회사법인",3014,50298
"대전","제조업(10~34)","회사이외법인",70,893
"대전","전기, 가스, 증기 및 공기조절 공급업(35)","계",508,2012
"대전","전기, 가스, 증기 및 공기조절 공급업(35)","개인사업체",341,354
"대전","전기, 가스, 증기 및 공기조절 공급업(35)","회사법인",151,601
"대전","전기, 가스, 증기 및 공기조절 공급업(35)","회사이외법인",16,1057
"대전","수도, 하수 및 폐기물 처리, 원료 재생업(36~39)","계",231,4148
"대전","수도, 하수 및 폐기물 처리, 원료 재생업(36~39)","개인사업체",80,228
"대전","수도, 하수 및 폐기물 처리, 원료 재생업(36~39)","회사법인",129,1100
"대전","수도, 하수 및 폐기물 처리, 원료 재생업(36~39)","회사이외법인",22,2820
"대전","건설업(41~42)","계",13622,66251
"대전","건설업(41~42)","개인사업체",10520,14656
"대전","건설업(41~42)","회사법인",3090,49743
"대전","건설업(41~42)","회사이외법인",11,1816
"대전","건설업(41~42)","비법인단체",1,X
"대전","도매 및 소매업(45~47)","계",45395,97798
"대전","도매 및 소매업(45~47)","개인사업체",38840,61919
"대전","도매 및 소매업(45~47)","회사법인",6309,34814
"대전","도매 및 소매업(45~47)","회사이외법인",232,1043
"대전","도매 및 소매업(45~47)","비법인단체",14,22
"대전","운수 및 창고업(49~52)","계",18298,34627
"대전","운수 및 창고업(49~52)","개인사업체",17519,19403
"대전","운수 및 창고업(49~52)","회사법인",692,11063
"대전","운수 및 창고업(49~52)","회사이외법인",86,4160
"대전","운수 및 창고업(49~52)","비법인단체",1,X
"대전","숙박 및 음식점업(55~56)","계",23164,65259
"대전","숙박 및 음식점업(55~56)","개인사업체",22027,54858
"대전","숙박 및 음식점업(55~56)","회사법인",1037,9581
"대전","숙박 및 음식점업(55~56)","회사이외법인",96,778
"대전","숙박 및 음식점업(55~56)","비법인단체",4,42
"대전","정보통신업(58~63)","계",3364,21980
"대전","정보통신업(58~63)","개인사업체",1658,2173
"대전","정보통신업(58~63)","회사법인",1614,17216
"대전","정보통신업(58~63)","회사이외법인",90,2589
"대전","정보통신업(58~63)","비법인단체",2,X
"대전","금융 및 보험업(64~66)","계",1696,19718
"대전","금융 및 보험업(64~66)","개인사업체",342,555
"대전","금융 및 보험업(64~66)","회사법인",833,14191
"대전","금융 및 보험업(64~66)","회사이외법인",442,4867
"대전","금융 및 보험업(64~66)","비법인단체",79,105
"대전","부동산업(68)","계",7208,17336
"대전","부동산업(68)","개인사업체",3976,4972
"대전","부동산업(68)","회사법인",2508,8522
"대전","부동산업(68)","회사이외법인",463,2834
"대전","부동산업(68)","비법인단체",261,1008
"대전","전문, 과학 및 기술 서비스업(70~73)","계",6042,61529
"대전","전문, 과학 및 기술 서비스업(70~73)","개인사업체",3623,7414
"대전","전문, 과학 및 기술 서비스업(70~73)","회사법인",1942,29352
"대전","전문, 과학 및 기술 서비스업(70~73)","회사이외법인",470,24755
"대전","전문, 과학 및 기술 서비스업(70~73)","비법인단체",7,8
"대전","사업시설 관리, 사업 지원 및 임대 서비스업(74~76)","계",3964,47028
"대전","사업시설 관리, 사업 지원 및 임대 서비스업(74~76)","개인사업체",2627,5059
"대전","사업시설 관리, 사업 지원 및 임대 서비스업(74~76)","회사법인",1247,39449
"대전","사업시설 관리, 사업 지원 및 임대 서비스업(74~76)","회사이외법인",81,2507
"대전","사업시설 관리, 사업 지원 및 임대 서비스업(74~76)","비법인단체",9,13
"대전","공공행정, 국방 및 사회보장 행정(84)","계",272,28132
"대전","공공행정, 국방 및 사회보장 행정(84)","회사이외법인",272,28132
"대전","교육 서비스업(85)","계",7952,58946
"대전","교육 서비스업(85)","개인사업체",6564,12584
"대전","교육 서비스업(85)","회사법인",467,3758
"대전","교육 서비스업(85)","회사이외법인",755,40767
"대전","교육 서비스업(85)","비법인단체",166,1837
"대전","보건업 및 사회복지 서비스업(86~87)","계",5219,78629
"대전","보건업 및 사회복지 서비스업(86~87)","개인사업체",2587,22010
"대전","보건업 및 사회복지 서비스업(86~87)","회사법인",67,1256
"대전","보건업 및 사회복지 서비스업(86~87)","회사이외법인",930,32071
"대전","보건업 및 사회복지 서비스업(86~87)","비법인단체",1635,23292
"대전","예술, 스포츠 및 여가관련 서비스업(90~91)","계",4363,11423
"대전","예술, 스포츠 및 여가관련 서비스업(90~91)","개인사업체",3837,6436
"대전","예술, 스포츠 및 여가관련 서비스업(90~91)","회사법인",226,1771
"대전","예술, 스포츠 및 여가관련 서비스업(90~91)","회사이외법인",187,2989
"대전","예술, 스포츠 및 여가관련 서비스업(90~91)","비법인단체",113,227
"대전","협회 및 단체, 수리 및 기타 개인 서비스업(94~96)","계",16090,28129
"대전","협회 및 단체, 수리 및 기타 개인 서비스업(94~96)","개인사업체",11743,16494
"대전","협회 및 단체, 수리 및 기타 개인 서비스업(94~96)","회사법인",319,3283
"대전","협회 및 단체, 수리 및 기타 개인 서비스업(94~96)","회사이외법인",2837,6604
"대전","협회 및 단체, 수리 및 기타 개인 서비스업(94~96)","비법인단체",1191,1748
"울산","전체 산업","계",116666,551628
"울산","전체 산업","개인사업체",94658,178506
"울산","전체 산업","회사법인",14961,274234
"울산","전체 산업","회사이외법인",5093,84313
"울산","전체 산업","비법인단체",1954,14575
"울산","농업, 임업 및 어업(01~03)","계",120,472
"울산","농업, 임업 및 어업(01~03)","회사법인",87,341
"울산","농업, 임업 및 어업(01~03)","회사이외법인",33,131
"울산","광업(05~08)","계",15,142
"울산","광업(05~08)","개인사업체",2,X
"울산","광업(05~08)","회사법인",13,134
"울산","제조업(10~34)","계",9313,171192
"울산","제조업(10~34)","개인사업체",6103,21981
"울산","제조업(10~34)","회사법인",3152,148565
"울산","제조업(10~34)","회사이외법인",58,646
"울산","전기, 가스, 증기 및 공기조절 공급업(35)","계",329,2877
"울산","전기, 가스, 증기 및 공기조절 공급업(35)","개인사업체",258,258
"울산","전기, 가스, 증기 및 공기조절 공급업(35)","회사법인",61,2248
"울산","전기, 가스, 증기 및 공기조절 공급업(35)","회사이외법인",10,371
"울산","수도, 하수 및 폐기물 처리, 원료 재생업(36~39)","계",330,2829
"울산","수도, 하수 및 폐기물 처리, 원료 재생업(36~39)","개인사업체",142,448
"울산","수도, 하수 및 폐기물 처리, 원료 재생업(36~39)","회사법인",164,1837
"울산","수도, 하수 및 폐기물 처리, 원료 재생업(36~39)","회사이외법인",24,544
"울산","건설업(41~42)","계",10278,45258
"울산","건설업(41~42)","개인사업체",7994,11847
"울산","건설업(41~42)","회사법인",2278,33373
"울산","건설업(41~42)","회사이외법인",4,11
"울산","건설업(41~42)","비법인단체",2,X
"울산","도매 및 소매업(45~47)","계",26733,54654
"울산","도매 및 소매업(45~47)","개인사업체",23639,38031
"울산","도매 및 소매업(45~47)","회사법인",2942,15726
"울산","도매 및 소매업(45~47)","회사이외법인",150,895
"울산","도매 및 소매업(45~47)","비법인단체",2,X
"울산","운수 및 창고업(49~52)","계",12828,30847
"울산","운수 및 창고업(49~52)","개인사업체",11822,13827
"울산","운수 및 창고업(49~52)","회사법인",912,15582
"울산","운수 및 창고업(49~52)","회사이외법인",94,1438
"울산","숙박 및 음식점업(55~56)","계",19964,47447
"울산","숙박 및 음식점업(55~56)","개인사업체",19210,39670
"울산","숙박 및 음식점업(55~56)","회사법인",674,7272
"울산","숙박 및 음식점업(55~56)","회사이외법인",78,466
"울산","숙박 및 음식점업(55~56)","비법인단체",2,X
"울산","정보통신업(58~63)","계",916,4762
"울산","정보통신업(58~63)","개인사업체",546,806
"울산","정보통신업(58~63)","회사법인",319,2980
"울산","정보통신업(58~63)","회사이외법인",50,975
"울산","정보통신업(58~63)","비법인단체",1,X
"울산","금융 및 보험업(64~66)","계",1070,12232
"울산","금융 및 보험업(64~66)","개인사업체",287,384
"울산","금융 및 보험업(64~66)","회사법인",458,8083
"울산","금융 및 보험업(64~66)","회사이외법인",312,3703
"울산","금융 및 보험업(64~66)","비법인단체",13,62
"울산","부동산업(68)","계",4776,11078
"울산","부동산업(68)","개인사업체",2503,2909
"울산","부동산업(68)","회사법인",1685,6405
"울산","부동산업(68)","회사이외법인",424,1403
"울산","부동산업(68)","비법인단체",164,361
"울산","전문, 과학 및 기술 서비스업(70~73)","계",3327,20764
"울산","전문, 과학 및 기술 서비스업(70~73)","개인사업체",2277,4917
"울산","전문, 과학 및 기술 서비스업(70~73)","회사법인",823,9962
"울산","전문, 과학 및 기술 서비스업(70~73)","회사이외법인",223,5878
"울산","전문, 과학 및 기술 서비스업(70~73)","비법인단체",4,7
"울산","사업시설 관리, 사업 지원 및 임대 서비스업(74~76)","계",2527,21380
"울산","사업시설 관리, 사업 지원 및 임대 서비스업(74~76)","개인사업체",1709,4595
"울산","사업시설 관리, 사업 지원 및 임대 서비스업(74~76)","회사법인",745,15533
"울산","사업시설 관리, 사업 지원 및 임대 서비스업(74~76)","회사이외법인",69,1246
"울산","사업시설 관리, 사업 지원 및 임대 서비스업(74~76)","비법인단체",4,6
"울산","공공행정, 국방 및 사회보장 행정(84)","계",209,16375
"울산","공공행정, 국방 및 사회보장 행정(84)","회사이외법인",209,16375
"울산","교육 서비스업(85)","계",6279,36112
"울산","교육 서비스업(85)","개인사업체",5351,9728
"울산","교육 서비스업(85)","회사법인",291,3033
"울산","교육 서비스업(85)","회사이외법인",524,22254
"울산","교육 서비스업(85)","비법인단체",113,1097
"울산","보건업 및 사회복지 서비스업(86~87)","계",3170,46809
"울산","보건업 및 사회복지 서비스업(86~87)","개인사업체",1552,12749
"울산","보건업 및 사회복지 서비스업(86~87)","회사법인",25,384
"울산","보건업 및 사회복지 서비스업(86~87)","회사이외법인",728,21869
"울산","보건업 및 사회복지 서비스업(86~87)","비법인단체",865,11807
"울산","예술, 스포츠 및 여가관련 서비스업(90~91)","계",3224,7791
"울산","예술, 스포츠 및 여가관련 서비스업(90~91)","개인사업체",2761,4304
"울산","예술, 스포츠 및 여가관련 서비스업(90~91)","회사법인",156,976
"울산","예술, 스포츠 및 여가관련 서비스업(90~91)","회사이외법인",211,2306
"울산","예술, 스포츠 및 여가관련 서비스업(90~91)","비법인단체",96,205
"울산","협회 및 단체, 수리 및 기타 개인 서비스업(94~96)","계",11258,18607
"울산","협회 및 단체, 수리 및 기타 개인 서비스업(94~96)","개인사업체",8502,12044
"울산","협회 및 단체, 수리 및 기타 개인 서비스업(94~96)","회사법인",176,1800
"울산","협회 및 단체, 수리 및 기타 개인 서비스업(94~96)","회사이외법인",1892,3802
"울산","협회 및 단체, 수리 및 기타 개인 서비스업(94~96)","비법인단체",688,961
"세종","전체 산업","계",34099,163650
"세종","전체 산업","개인사업체",25507,48064
"세종","전체 산업","회사법인",5680,53910
"세종","전체 산업","회사이외법인",2176,56737
"세종","전체 산업","비법인단체",736,4939
"세종","농업, 임업 및 어업(01~03)","계",85,305
"세종","농업, 임업 및 어업(01~03)","회사법인",66,201
"세종","농업, 임업 및 어업(01~03)","회사이외법인",19,104
"세종","광업(05~08)","계",9,184
"세종","광업(05~08)","회사법인",9,184
"세종","제조업(10~34)","계",1870,23411
"세종","제조업(10~34)","개인사업체",1081,2686
"세종","제조업(10~34)","회사법인",742,20350
"세종","제조업(10~34)","회사이외법인",47,375
"세종","전기, 가스, 증기 및 공기조절 공급업(35)","계",393,968
"세종","전기, 가스, 증기 및 공기조절 공급업(35)","개인사업체",332,332
"세종","전기, 가스, 증기 및 공기조절 공급업(35)","회사법인",38,472
"세종","전기, 가스, 증기 및 공기조절 공급업(35)","회사이외법인",22,163
"세종","전기, 가스, 증기 및 공기조절 공급업(35)","비법인단체",1,X
"세종","수도, 하수 및 폐기물 처리, 원료 재생업(36~39)","계",108,843
"세종","수도, 하수 및 폐기물 처리, 원료 재생업(36~39)","개인사업체",44,111
"세종","수도, 하수 및 폐기물 처리, 원료 재생업(36~39)","회사법인",57,628
"세종","수도, 하수 및 폐기물 처리, 원료 재생업(36~39)","회사이외법인",7,104
"세종","건설업(41~42)","계",2320,8569
"세종","건설업(41~42)","개인사업체",1606,2265
"세종","건설업(41~42)","회사법인",711,6259
"세종","건설업(41~42)","회사이외법인",3,45
"세종","도매 및 소매업(45~47)","계",7288,14619
"세종","도매 및 소매업(45~47)","개인사업체",6321,9688
"세종","도매 및 소매업(45~47)","회사법인",886,4539
"세종","도매 및 소매업(45~47)","회사이외법인",79,390
"세종","도매 및 소매업(45~47)","비법인단체",2,X
"세종","운수 및 창고업(49~52)","계",2568,5953
"세종","운수 및 창고업(49~52)","개인사업체",2392,2968
"세종","운수 및 창고업(49~52)","회사법인",155,2212
"세종","운수 및 창고업(49~52)","회사이외법인",21,773
"세종","숙박 및 음식점업(55~56)","계",4829,13948
"세종","숙박 및 음식점업(55~56)","개인사업체",4474,11854
"세종","숙박 및 음식점업(55~56)","회사법인",308,1912
"세종","숙박 및 음식점업(55~56)","회사이외법인",38,163
"세종","숙박 및 음식점업(55~56)","비법인단체",9,19
"세종","정보통신업(58~63)","계",975,3792
"세종","정보통신업(58~63)","개인사업체",561,743
"세종","정보통신업(58~63)","회사법인",390,2661
"세종","정보통신업(58~63)","회사이외법인",23,387
"세종","정보통신업(58~63)","비법인단체",1,X
"세종","금융 및 보험업(64~66)","계",281,2555
"세종","금융 및 보험업(64~66)","개인사업체",56,73
"세종","금융 및 보험업(64~66)","회사법인",115,1318
"세종","금융 및 보험업(64~66)","회사이외법인",104,1158
"세종","금융 및 보험업(64~66)","비법인단체",6,6
"세종","부동산업(68)","계",2741,5908
"세종","부동산업(68)","개인사업체",1396,1572
"세종","부동산업(68)","회사법인",1098,2707
"세종","부동산업(68)","회사이외법인",213,1516
"세종","부동산업(68)","비법인단체",34,113
"세종","전문, 과학 및 기술 서비스업(70~73)","계",1497,10379
"세종","전문, 과학 및 기술 서비스업(70~73)","개인사업체",882,1519
"세종","전문, 과학 및 기술 서비스업(70~73)","회사법인",468,2666
"세종","전문, 과학 및 기술 서비스업(70~73)","회사이외법인",144,6190
"세종","전문, 과학 및 기술 서비스업(70~73)","비법인단체",3,4
"세종","사업시설 관리, 사업 지원 및 임대 서비스업(74~76)","계",848,5948
"세종","사업시설 관리, 사업 지원 및 임대 서비스업(74~76)","개인사업체",523,907
"세종","사업시설 관리, 사업 지원 및 임대 서비스업(74~76)","회사법인",277,4724
"세종","사업시설 관리, 사업 지원 및 임대 서비스업(74~76)","회사이외법인",43,293
"세종","사업시설 관리, 사업 지원 및 임대 서비스업(74~76)","비법인단체",5,24
"세종","공공행정, 국방 및 사회보장 행정(84)","계",167,24686
"세종","공공행정, 국방 및 사회보장 행정(84)","회사이외법인",166,24680
"세종","공공행정, 국방 및 사회보장 행정(84)","비법인단체",1,X
"세종","교육 서비스업(85)","계",3214,19185
"세종","교육 서비스업(85)","개인사업체",2747,5384
"세종","교육 서비스업(85)","회사법인",198,1547
"세종","교육 서비스업(85)","회사이외법인",248,12196
"세종","교육 서비스업(85)","비법인단체",21,58
"세종","보건업 및 사회복지 서비스업(86~87)","계",1128,13658
"세종","보건업 및 사회복지 서비스업(86~87)","개인사업체",550,3847
"세종","보건업 및 사회복지 서비스업(86~87)","회사법인",15,219
"세종","보건업 및 사회복지 서비스업(86~87)","회사이외법인",273,5603
"세종","보건업 및 사회복지 서비스업(86~87)","비법인단체",290,3989
"세종","예술, 스포츠 및 여가관련 서비스업(90~91)","계",965,3383
"세종","예술, 스포츠 및 여가관련 서비스업(90~91)","개인사업체",738,1346
"세종","예술, 스포츠 및 여가관련 서비스업(90~91)","회사법인",95,860
"세종","예술, 스포츠 및 여가관련 서비스업(90~91)","회사이외법인",91,996
"세종","예술, 스포츠 및 여가관련 서비스업(90~91)","비법인단체",41,181
"세종","협회 및 단체, 수리 및 기타 개인 서비스업(94~96)","계",2813,5356
"세종","협회 및 단체, 수리 및 기타 개인 서비스업(94~96)","개인사업체",1804,2769
"세종","협회 및 단체, 수리 및 기타 개인 서비스업(94~96)","회사법인",52,451
"세종","협회 및 단체, 수리 및 기타 개인 서비스업(94~96)","회사이외법인",635,1601
"세종","협회 및 단체, 수리 및 기타 개인 서비스업(94~96)","비법인단체",322,535
"경기","전체 산업","계",1562116,6187581
"경기","전체 산업","개인사업체",1219670,2265434
"경기","전체 산업","회사법인",267178,2903645
"경기","전체 산업","회사이외법인",52096,791175
"경기","전체 산업","비법인단체",23172,227327
"경기","농업, 임업 및 어업(01~03)","계",1667,8133
"경기","농업, 임업 및 어업(01~03)","회사법인",1321,5817
"경기","농업, 임업 및 어업(01~03)","회사이외법인",343,2304
"경기","농업, 임업 및 어업(01~03)","비법인단체",3,12
"경기","광업(05~08)","계",106,1554
"경기","광업(05~08)","개인사업체",20,35
"경기","광업(05~08)","회사법인",85,1508
"경기","광업(05~08)","회사이외법인",1,X
"경기","제조업(10~34)","계",171187,1357108
"경기","제조업(10~34)","개인사업체",106656,310228
"경기","제조업(10~34)","회사법인",63870,1038245
"경기","제조업(10~34)","회사이외법인",656,8630
"경기","제조업(10~34)","비법인단체",5,5
"경기","전기, 가스, 증기 및 공기조절 공급업(35)","계",7698,16554
"경기","전기, 가스, 증기 및 공기조절 공급업(35)","개인사업체",6814,6948
"경기","전기, 가스, 증기 및 공기조절 공급업(35)","회사법인",635,4632
"경기","전기, 가스, 증기 및 공기조절 공급업(35)","회사이외법인",248,4973
"경기","전기, 가스, 증기 및 공기조절 공급업(35)","비법인단체",1,X
"경기","수도, 하수 및 폐기물 처리, 원료 재생업(36~39)","계",3658,34144
"경기","수도, 하수 및 폐기물 처리, 원료 재생업(36~39)","개인사업체",1560,3367
"경기","수도, 하수 및 폐기물 처리, 원료 재생업(36~39)","회사법인",1919,25107
"경기","수도, 하수 및 폐기물 처리, 원료 재생업(36~39)","회사이외법인",177,5664
"경기","수도, 하수 및 폐기물 처리, 원료 재생업(36~39)","비법인단체",2,X
"경기","건설업(41~42)","계",117019,404510
"경기","건설업(41~42)","개인사업체",91978,131528
"경기","건설업(41~42)","회사법인",24951,272240
"경기","건설업(41~42)","회사이외법인",85,733
"경기","건설업(41~42)","비법인단체",5,9
"경기","도매 및 소매업(45~47)","계",406623,915589
"경기","도매 및 소매업(45~47)","개인사업체",333903,514472
"경기","도매 및 소매업(45~47)","회사법인",70837,388646
"경기","도매 및 소매업(45~47)","회사이외법인",1833,12386
"경기","도매 및 소매업(45~47)","비법인단체",50,85
"경기","운수 및 창고업(49~52)","계",178600,358514
"경기","운수 및 창고업(49~52)","개인사업체",168490,185247
"경기","운수 및 창고업(49~52)","회사법인",9181,161184
"경기","운수 및 창고업(49~52)","회사이외법인",922,12065
"경기","운수 및 창고업(49~52)","비법인단체",7,18
"경기","숙박 및 음식점업(55~56)","계",183285,520610
"경기","숙박 및 음식점업(55~56)","개인사업체",172315,432221
"경기","숙박 및 음식점업(55~56)","회사법인",10274,84475
"경기","숙박 및 음식점업(55~56)","회사이외법인",669,3853
"경기","숙박 및 음식점업(55~56)","비법인단체",27,61
"경기","정보통신업(58~63)","계",37078,195454
"경기","정보통신업(58~63)","개인사업체",24596,29969
"경기","정보통신업(58~63)","회사법인",12023,154418
"경기","정보통신업(58~63)","회사이외법인",440,11034
"경기","정보통신업(58~63)","비법인단체",19,33
"경기","금융 및 보험업(64~66)","계",10440,106921
"경기","금융 및 보험업(64~66)","개인사업체",3099,4622
"경기","금융 및 보험업(64~66)","회사법인",4586,74653
"경기","금융 및 보험업(64~66)","회사이외법인",2460,27271
"경기","금융 및 보험업(64~66)","비법인단체",295,375
"경기","부동산업(68)","계",83842,178916
"경기","부동산업(68)","개인사업체",48108,57667
"경기","부동산업(68)","회사법인",28070,80611
"경기","부동산업(68)","회사이외법인",6144,35160
"경기","부동산업(68)","비법인단체",1520,5478
"경기","전문, 과학 및 기술 서비스업(70~73)","계",58767,371568
"경기","전문, 과학 및 기술 서비스업(70~73)","개인사업체",37779,66642
"경기","전문, 과학 및 기술 서비스업(70~73)","회사법인",18530,270581
"경기","전문, 과학 및 기술 서비스업(70~73)","회사이외법인",2430,34282
"경기","전문, 과학 및 기술 서비스업(70~73)","비법인단체",28,63
"경기","사업시설 관리, 사업 지원 및 임대 서비스업(74~76)","계",35486,269662
"경기","사업시설 관리, 사업 지원 및 임대 서비스업(74~76)","개인사업체",24655,42113
"경기","사업시설 관리, 사업 지원 및 임대 서비스업(74~76)","회사법인",10240,219825
"경기","사업시설 관리, 사업 지원 및 임대 서비스업(74~76)","회사이외법인",519,7500
"경기","사업시설 관리, 사업 지원 및 임대 서비스업(74~76)","비법인단체",72,224
"경기","공공행정, 국방 및 사회보장 행정(84)","계",1949,147808
"경기","공공행정, 국방 및 사회보장 행정(84)","회사이외법인",1946,147774
"경기","공공행정, 국방 및 사회보장 행정(84)","비법인단체",3,34
"경기","교육 서비스업(85)","계",72609,409918
"경기","교육 서비스업(85)","개인사업체",61308,124293
"경기","교육 서비스업(85)","회사법인",4498,42681
"경기","교육 서비스업(85)","회사이외법인",5730,228943
"경기","교육 서비스업(85)","비법인단체",1073,14001
"경기","보건업 및 사회복지 서비스업(86~87)","계",39791,561631
"경기","보건업 및 사회복지 서비스업(86~87)","개인사업체",19400,170834
"경기","보건업 및 사회복지 서비스업(86~87)","회사법인",510,13049
"경기","보건업 및 사회복지 서비스업(86~87)","회사이외법인",5603,180270
"경기","보건업 및 사회복지 서비스업(86~87)","비법인단체",14278,197478
"경기","예술, 스포츠 및 여가관련 서비스업(90~91)","계",37748,117950
"경기","예술, 스포츠 및 여가관련 서비스업(90~91)","개인사업체",32643,57842
"경기","예술, 스포츠 및 여가관련 서비스업(90~91)","회사법인",2822,35704
"경기","예술, 스포츠 및 여가관련 서비스업(90~91)","회사이외법인",1734,23148
"경기","예술, 스포츠 및 여가관련 서비스업(90~91)","비법인단체",549,1256
"경기","협회 및 단체, 수리 및 기타 개인 서비스업(94~96)","계",114563,211037
"경기","협회 및 단체, 수리 및 기타 개인 서비스업(94~96)","개인사업체",86346,127406
"경기","협회 및 단체, 수리 및 기타 개인 서비스업(94~96)","회사법인",2826,30269
"경기","협회 및 단체, 수리 및 기타 개인 서비스업(94~96)","회사이외법인",20156,45174
"경기","협회 및 단체, 수리 및 기타 개인 서비스업(94~96)","비법인단체",5235,8188
"강원","전체 산업","계",209314,738221
"강원","전체 산업","개인사업체",167406,285167
"강원","전체 산업","회사법인",22824,217832
"강원","전체 산업","회사이외법인",12867,203267
"강원","전체 산업","비법인단체",6217,31955
"강원","농업, 임업 및 어업(01~03)","계",963,5309
"강원","농업, 임업 및 어업(01~03)","회사법인",571,2288
"강원","농업, 임업 및 어업(01~03)","회사이외법인",385,3005
"강원","농업, 임업 및 어업(01~03)","비법인단체",7,16
"강원","광업(05~08)","계",203,3578
"강원","광업(05~08)","개인사업체",22,110
"강원","광업(05~08)","회사법인",177,2673
"강원","광업(05~08)","회사이외법인",4,795
"강원","제조업(10~34)","계",10426,63456
"강원","제조업(10~34)","개인사업체",7088,16269
"강원","제조업(10~34)","회사법인",2923,43868
"강원","제조업(10~34)","회사이외법인",410,3307
"강원","제조업(10~34)","비법인단체",5,12
"강원","전기, 가스, 증기 및 공기조절 공급업(35)","계",6801,10264
"강원","전기, 가스, 증기 및 공기조절 공급업(35)","개인사업체",6198,6239
"강원","전기, 가스, 증기 및 공기조절 공급업(35)","회사법인",526,2302
"강원","전기, 가스, 증기 및 공기조절 공급업(35)","회사이외법인",74,1720
"강원","전기, 가스, 증기 및 공기조절 공급업(35)","비법인단체",3,3
"강원","수도, 하수 및 폐기물 처리, 원료 재생업(36~39)","계",672,5565
"강원","수도, 하수 및 폐기물 처리, 원료 재생업(36~39)","개인사업체",219,745
"강원","수도, 하수 및 폐기물 처리, 원료 재생업(36~39)","회사법인",358,3065
"강원","수도, 하수 및 폐기물 처리, 원료 재생업(36~39)","회사이외법인",94,1752
"강원","수도, 하수 및 폐기물 처리, 원료 재생업(36~39)","비법인단체",1,X
"강원","건설업(41~42)","계",25072,79694
"강원","건설업(41~42)","개인사업체",19597,26299
"강원","건설업(41~42)","회사법인",5444,53129
"강원","건설업(41~42)","회사이외법인",29,258
"강원","건설업(41~42)","비법인단체",2,X
"강원","도매 및 소매업(45~47)","계",45006,90754
"강원","도매 및 소매업(45~47)","개인사업체",39905,63953
"강원","도매 및 소매업(45~47)","회사법인",4162,20926
"강원","도매 및 소매업(45~47)","회사이외법인",909,5829
"강원","도매 및 소매업(45~47)","비법인단체",30,46
"강원","운수 및 창고업(49~52)","계",16249,32009
"강원","운수 및 창고업(49~52)","개인사업체",15293,17610
"강원","운수 및 창고업(49~52)","회사법인",790,11038
"강원","운수 및 창고업(49~52)","회사이외법인",153,3305
"강원","운수 및 창고업(49~52)","비법인단체",13,56
"강원","숙박 및 음식점업(55~56)","계",43926,101719
"강원","숙박 및 음식점업(55~56)","개인사업체",42252,85726
"강원","숙박 및 음식점업(55~56)","회사법인",1263,13605
"강원","숙박 및 음식점업(55~56)","회사이외법인",381,2337
"강원","숙박 및 음식점업(55~56)","비법인단체",30,51
"강원","정보통신업(58~63)","계",1929,9435
"강원","정보통신업(58~63)","개인사업체",1121,1448
"강원","정보통신업(58~63)","회사법인",594,5331
"강원","정보통신업(58~63)","회사이외법인",212,2652
"강원","정보통신업(58~63)","비법인단체",2,X
"강원","금융 및 보험업(64~66)","계",1846,22620
"강원","금융 및 보험업(64~66)","개인사업체",501,759
"강원","금융 및 보험업(64~66)","회사법인",713,10132
"강원","금융 및 보험업(64~66)","회사이외법인",625,11722
"강원","금융 및 보험업(64~66)","비법인단체",7,7
"강원","부동산업(68)","계",6266,14548
"강원","부동산업(68)","개인사업체",3399,4207
"강원","부동산업(68)","회사법인",1764,4389
"강원","부동산업(68)","회사이외법인",562,3421
"강원","부동산업(68)","비법인단체",541,2531
"강원","전문, 과학 및 기술 서비스업(70~73)","계",4990,23313
"강원","전문, 과학 및 기술 서비스업(70~73)","개인사업체",3183,6805
"강원","전문, 과학 및 기술 서비스업(70~73)","회사법인",1311,9799
"강원","전문, 과학 및 기술 서비스업(70~73)","회사이외법인",481,6680
"강원","전문, 과학 및 기술 서비스업(70~73)","비법인단체",15,29
"강원","사업시설 관리, 사업 지원 및 임대 서비스업(74~76)","계",4442,27940
"강원","사업시설 관리, 사업 지원 및 임대 서비스업(74~76)","개인사업체",2997,5736
"강원","사업시설 관리, 사업 지원 및 임대 서비스업(74~76)","회사법인",1221,19335
"강원","사업시설 관리, 사업 지원 및 임대 서비스업(74~76)","회사이외법인",209,2826
"강원","사업시설 관리, 사업 지원 및 임대 서비스업(74~76)","비법인단체",15,43
"강원","공공행정, 국방 및 사회보장 행정(84)","계",792,45117
"강원","공공행정, 국방 및 사회보장 행정(84)","회사이외법인",791,45116
"강원","공공행정, 국방 및 사회보장 행정(84)","비법인단체",1,X
"강원","교육 서비스업(85)","계",8183,57143
"강원","교육 서비스업(85)","개인사업체",6317,10423
"강원","교육 서비스업(85)","회사법인",359,2395
"강원","교육 서비스업(85)","회사이외법인",1355,43242
"강원","교육 서비스업(85)","비법인단체",152,1083
"강원","보건업 및 사회복지 서비스업(86~87)","계",5646,88508
"강원","보건업 및 사회복지 서비스업(86~87)","개인사업체",1984,13718
"강원","보건업 및 사회복지 서비스업(86~87)","회사법인",55,1016
"강원","보건업 및 사회복지 서비스업(86~87)","회사이외법인",1641,50325
"강원","보건업 및 사회복지 서비스업(86~87)","비법인단체",1966,23449
"강원","예술, 스포츠 및 여가관련 서비스업(90~91)","계",5616,23806
"강원","예술, 스포츠 및 여가관련 서비스업(90~91)","개인사업체",4434,7106
"강원","예술, 스포츠 및 여가관련 서비스업(90~91)","회사법인",304,9692
"강원","예술, 스포츠 및 여가관련 서비스업(90~91)","회사이외법인",653,6588
"강원","예술, 스포츠 및 여가관련 서비스업(90~91)","비법인단체",225,420
"강원","협회 및 단체, 수리 및 기타 개인 서비스업(94~96)","계",20286,33443
"강원","협회 및 단체, 수리 및 기타 개인 서비스업(94~96)","개인사업체",12896,18014
"강원","협회 및 단체, 수리 및 기타 개인 서비스업(94~96)","회사법인",289,2849
"강원","협회 및 단체, 수리 및 기타 개인 서비스업(94~96)","회사이외법인",3899,8387
"강원","협회 및 단체, 수리 및 기타 개인 서비스업(94~96)","비법인단체",3202,4193
"충북","전체 산업","계",203356,845108
"충북","전체 산업","개인사업체",160352,277237
"충북","전체 산업","회사법인",27568,374921
"충북","전체 산업","회사이외법인",10504,163056
"충북","전체 산업","비법인단체",4932,29894
"충북","농업, 임업 및 어업(01~03)","계",861,4451
"충북","농업, 임업 및 어업(01~03)","회사법인",593,2924
"충북","농업, 임업 및 어업(01~03)","회사이외법인",254,1509
"충북","농업, 임업 및 어업(01~03)","비법인단체",14,18
"충북","광업(05~08)","계",106,1156
"충북","광업(05~08)","개인사업체",16,84
"충북","광업(05~08)","회사법인",90,1072
"충북","제조업(10~34)","계",18189,227470
"충북","제조업(10~34)","개인사업체",10355,28489
"충북","제조업(10~34)","회사법인",7524,196430
"충북","제조업(10~34)","회사이외법인",302,2541
"충북","제조업(10~34)","비법인단체",8,10
"충북","전기, 가스, 증기 및 공기조절 공급업(35)","계",8180,9663
"충북","전기, 가스, 증기 및 공기조절 공급업(35)","개인사업체",7916,7979
"충북","전기, 가스, 증기 및 공기조절 공급업(35)","회사법인",214,559
"충북","전기, 가스, 증기 및 공기조절 공급업(35)","회사이외법인",43,1118
"충북","전기, 가스, 증기 및 공기조절 공급업(35)","비법인단체",7,7
"충북","수도, 하수 및 폐기물 처리, 원료 재생업(36~39)","계",716,6702
"충북","수도, 하수 및 폐기물 처리, 원료 재생업(36~39)","개인사업체",291,789
"충북","수도, 하수 및 폐기물 처리, 원료 재생업(36~39)","회사법인",379,4263
"충북","수도, 하수 및 폐기물 처리, 원료 재생업(36~39)","회사이외법인",46,1650
"충북","건설업(41~42)","계",21484,69468
"충북","건설업(41~42)","개인사업체",16693,21970
"충북","건설업(41~42)","회사법인",4775,47287
"충북","건설업(41~42)","회사이외법인",15,210
"충북","건설업(41~42)","비법인단체",1,X
"충북","도매 및 소매업(45~47)","계",44092,89411
"충북","도매 및 소매업(45~47)","개인사업체",38424,61282
"충북","도매 및 소매업(45~47)","회사법인",4946,24673
"충북","도매 및 소매업(45~47)","회사이외법인",701,3429
"충북","도매 및 소매업(45~47)","비법인단체",21,27
"충북","운수 및 창고업(49~52)","계",21338,41687
"충북","운수 및 창고업(49~52)","개인사업체",20070,22879
"충북","운수 및 창고업(49~52)","회사법인",1130,15666
"충북","운수 및 창고업(49~52)","회사이외법인",131,3115
"충북","운수 및 창고업(49~52)","비법인단체",7,27
"충북","숙박 및 음식점업(55~56)","계",31440,73679
"충북","숙박 및 음식점업(55~56)","개인사업체",30162,63899
"충북","숙박 및 음식점업(55~56)","회사법인",1106,8863
"충북","숙박 및 음식점업(55~56)","회사이외법인",166,905
"충북","숙박 및 음식점업(55~56)","비법인단체",6,12
"충북","정보통신업(58~63)","계",1949,8073
"충북","정보통신업(58~63)","개인사업체",1266,1507
"충북","정보통신업(58~63)","회사법인",511,4031
"충북","정보통신업(58~63)","회사이외법인",169,2532
"충북","정보통신업(58~63)","비법인단체",3,3
"충북","금융 및 보험업(64~66)","계",1566,15606
"충북","금융 및 보험업(64~66)","개인사업체",400,588
"충북","금융 및 보험업(64~66)","회사법인",509,9131
"충북","금융 및 보험업(64~66)","회사이외법인",650,5879
"충북","금융 및 보험업(64~66)","비법인단체",7,8
"충북","부동산업(68)","계",6754,15374
"충북","부동산업(68)","개인사업체",3844,4490
"충북","부동산업(68)","회사법인",2123,6599
"충북","부동산업(68)","회사이외법인",588,3707
"충북","부동산업(68)","비법인단체",199,578
"충북","전문, 과학 및 기술 서비스업(70~73)","계",4845,29292
"충북","전문, 과학 및 기술 서비스업(70~73)","개인사업체",3123,6369
"충북","전문, 과학 및 기술 서비스업(70~73)","회사법인",1334,13345
"충북","전문, 과학 및 기술 서비스업(70~73)","회사이외법인",382,9571
"충북","전문, 과학 및 기술 서비스업(70~73)","비법인단체",6,7
"충북","사업시설 관리, 사업 지원 및 임대 서비스업(74~76)","계",4698,35610
"충북","사업시설 관리, 사업 지원 및 임대 서비스업(74~76)","개인사업체",3176,6473
"충북","사업시설 관리, 사업 지원 및 임대 서비스업(74~76)","회사법인",1367,27420
"충북","사업시설 관리, 사업 지원 및 임대 서비스업(74~76)","회사이외법인",116,1598
"충북","사업시설 관리, 사업 지원 및 임대 서비스업(74~76)","비법인단체",39,119
"충북","공공행정, 국방 및 사회보장 행정(84)","계",556,35362
"충북","공공행정, 국방 및 사회보장 행정(84)","회사이외법인",555,35359
"충북","공공행정, 국방 및 사회보장 행정(84)","비법인단체",1,X
"충북","교육 서비스업(85)","계",7567,56083
"충북","교육 서비스업(85)","개인사업체",6042,10485
"충북","교육 서비스업(85)","회사법인",355,2821
"충북","교육 서비스업(85)","회사이외법인",1058,41975
"충북","교육 서비스업(85)","비법인단체",112,802
"충북","보건업 및 사회복지 서비스업(86~87)","계",5411,79469
"충북","보건업 및 사회복지 서비스업(86~87)","개인사업체",2150,16708
"충북","보건업 및 사회복지 서비스업(86~87)","회사법인",62,1427
"충북","보건업 및 사회복지 서비스업(86~87)","회사이외법인",1493,36464
"충북","보건업 및 사회복지 서비스업(86~87)","비법인단체",1706,24870
"충북","예술, 스포츠 및 여가관련 서비스업(90~91)","계",5049,16137
"충북","예술, 스포츠 및 여가관련 서비스업(90~91)","개인사업체",4290,6656
"충북","예술, 스포츠 및 여가관련 서비스업(90~91)","회사법인",266,5375
"충북","예술, 스포츠 및 여가관련 서비스업(90~91)","회사이외법인",353,3882
"충북","예술, 스포츠 및 여가관련 서비스업(90~91)","비법인단체",140,224
"충북","협회 및 단체, 수리 및 기타 개인 서비스업(94~96)","계",18555,30415
"충북","협회 및 단체, 수리 및 기타 개인 서비스업(94~96)","개인사업체",12134,16590
"충북","협회 및 단체, 수리 및 기타 개인 서비스업(94~96)","회사법인",284,3035
"충북","협회 및 단체, 수리 및 기타 개인 서비스업(94~96)","회사이외법인",3482,7612
"충북","협회 및 단체, 수리 및 기타 개인 서비스업(94~96)","비법인단체",2655,3178
"충남","전체 산업","계",276134,1100749
"충남","전체 산업","개인사업체",216839,371213
"충남","전체 산업","회사법인",36665,484549
"충남","전체 산업","회사이외법인",14666,198366
"충남","전체 산업","비법인단체",7964,46621
"충남","농업, 임업 및 어업(01~03)","계",1666,8331
"충남","농업, 임업 및 어업(01~03)","회사법인",896,4445
"충남","농업, 임업 및 어업(01~03)","회사이외법인",749,3769
"충남","농업, 임업 및 어업(01~03)","비법인단체",21,117
"충남","광업(05~08)","계",113,837
"충남","광업(05~08)","개인사업체",40,65
"충남","광업(05~08)","회사법인",73,772
"충남","제조업(10~34)","계",24019,311475
"충남","제조업(10~34)","개인사업체",13965,37495
"충남","제조업(10~34)","회사법인",9563,269666
"충남","제조업(10~34)","회사이외법인",483,4291
"충남","제조업(10~34)","비법인단체",8,23
"충남","전기, 가스, 증기 및 공기조절 공급업(35)","계",15615,21757
"충남","전기, 가스, 증기 및 공기조절 공급업(35)","개인사업체",15026,15173
"충남","전기, 가스, 증기 및 공기조절 공급업(35)","회사법인",504,5537
"충남","전기, 가스, 증기 및 공기조절 공급업(35)","회사이외법인",81,1040
"충남","전기, 가스, 증기 및 공기조절 공급업(35)","비법인단체",4,7
"충남","수도, 하수 및 폐기물 처리, 원료 재생업(36~39)","계",857,7579
"충남","수도, 하수 및 폐기물 처리, 원료 재생업(36~39)","개인사업체",300,736
"충남","수도, 하수 및 폐기물 처리, 원료 재생업(36~39)","회사법인",490,5601
"충남","수도, 하수 및 폐기물 처리, 원료 재생업(36~39)","회사이외법인",66,1241
"충남","수도, 하수 및 폐기물 처리, 원료 재생업(36~39)","비법인단체",1,X
"충남","건설업(41~42)","계",27444,84539
"충남","건설업(41~42)","개인사업체",21103,27375
"충남","건설업(41~42)","회사법인",6316,56837
"충남","건설업(41~42)","회사이외법인",23,325
"충남","건설업(41~42)","비법인단체",2,X
"충남","도매 및 소매업(45~47)","계",62559,122817
"충남","도매 및 소매업(45~47)","개인사업체",54739,84789
"충남","도매 및 소매업(45~47)","회사법인",6698,31850
"충남","도매 및 소매업(45~47)","회사이외법인",1083,6071
"충남","도매 및 소매업(45~47)","비법인단체",39,107
"충남","운수 및 창고업(49~52)","계",25056,48047
"충남","운수 및 창고업(49~52)","개인사업체",23418,26315
"충남","운수 및 창고업(49~52)","회사법인",1504,19600
"충남","운수 및 창고업(49~52)","회사이외법인",123,2067
"충남","운수 및 창고업(49~52)","비법인단체",11,65
"충남","숙박 및 음식점업(55~56)","계",42097,99234
"충남","숙박 및 음식점업(55~56)","개인사업체",40255,86186
"충남","숙박 및 음식점업(55~56)","회사법인",1592,11701
"충남","숙박 및 음식점업(55~56)","회사이외법인",232,1308
"충남","숙박 및 음식점업(55~56)","비법인단체",18,39
"충남","정보통신업(58~63)","계",2608,8720
"충남","정보통신업(58~63)","개인사업체",1669,2049
"충남","정보통신업(58~63)","회사법인",717,4133
"충남","정보통신업(58~63)","회사이외법인",217,2523
"충남","정보통신업(58~63)","비법인단체",5,15
"충남","금융 및 보험업(64~66)","계",2078,19268
"충남","금융 및 보험업(64~66)","개인사업체",529,739
"충남","금융 및 보험업(64~66)","회사법인",686,10447
"충남","금융 및 보험업(64~66)","회사이외법인",856,8072
"충남","금융 및 보험업(64~66)","비법인단체",7,10
"충남","부동산업(68)","계",9777,19875
"충남","부동산업(68)","개인사업체",5642,6475
"충남","부동산업(68)","회사법인",3018,8493
"충남","부동산업(68)","회사이외법인",839,4065
"충남","부동산업(68)","비법인단체",278,842
"충남","전문, 과학 및 기술 서비스업(70~73)","계",6261,31327
"충남","전문, 과학 및 기술 서비스업(70~73)","개인사업체",4145,8307
"충남","전문, 과학 및 기술 서비스업(70~73)","회사법인",1625,15405
"충남","전문, 과학 및 기술 서비스업(70~73)","회사이외법인",483,7593
"충남","전문, 과학 및 기술 서비스업(70~73)","비법인단체",8,22
"충남","사업시설 관리, 사업 지원 및 임대 서비스업(74~76)","계",6185,37116
"충남","사업시설 관리, 사업 지원 및 임대 서비스업(74~76)","개인사업체",4261,7493
"충남","사업시설 관리, 사업 지원 및 임대 서비스업(74~76)","회사법인",1728,27519
"충남","사업시설 관리, 사업 지원 및 임대 서비스업(74~76)","회사이외법인",168,2040
"충남","사업시설 관리, 사업 지원 및 임대 서비스업(74~76)","비법인단체",28,64
"충남","공공행정, 국방 및 사회보장 행정(84)","계",747,43439
"충남","공공행정, 국방 및 사회보장 행정(84)","회사이외법인",747,43439
"충남","교육 서비스업(85)","계",10179,72581
"충남","교육 서비스업(85)","개인사업체",7934,14166
"충남","교육 서비스업(85)","회사법인",466,4352
"충남","교육 서비스업(85)","회사이외법인",1560,52306
"충남","교육 서비스업(85)","비법인단체",219,1757
"충남","보건업 및 사회복지 서비스업(86~87)","계",7229,106912
"충남","보건업 및 사회복지 서비스업(86~87)","개인사업체",2726,23208
"충남","보건업 및 사회복지 서비스업(86~87)","회사법인",66,1460
"충남","보건업 및 사회복지 서비스업(86~87)","회사이외법인",1774,44944
"충남","보건업 및 사회복지 서비스업(86~87)","비법인단체",2663,37300
"충남","예술, 스포츠 및 여가관련 서비스업(90~91)","계",6245,15801
"충남","예술, 스포츠 및 여가관련 서비스업(90~91)","개인사업체",5212,8338
"충남","예술, 스포츠 및 여가관련 서비스업(90~91)","회사법인",311,2691
"충남","예술, 스포츠 및 여가관련 서비스업(90~91)","회사이외법인",468,4321
"충남","예술, 스포츠 및 여가관련 서비스업(90~91)","비법인단체",254,451
"충남","협회 및 단체, 수리 및 기타 개인 서비스업(94~96)","계",25399,41094
"충남","협회 및 단체, 수리 및 기타 개인 서비스업(94~96)","개인사업체",15875,22304
"충남","협회 및 단체, 수리 및 기타 개인 서비스업(94~96)","회사법인",412,4040
"충남","협회 및 단체, 수리 및 기타 개인 서비스업(94~96)","회사이외법인",4714,8951
"충남","협회 및 단체, 수리 및 기타 개인 서비스업(94~96)","비법인단체",4398,5799
"전북","전체 산업","계",239757,799091
"전북","전체 산업","개인사업체",189393,307240
"전북","전체 산업","회사법인",28528,260889
"전북","전체 산업","회사이외법인",15859,194974
"전북","전체 산업","비법인단체",5977,35988
"전북","농업, 임업 및 어업(01~03)","계",1413,5996
"전북","농업, 임업 및 어업(01~03)","회사법인",729,2698
"전북","농업, 임업 및 어업(01~03)","회사이외법인",642,3216
"전북","농업, 임업 및 어업(01~03)","비법인단체",42,82
"전북","광업(05~08)","계",99,753
"전북","광업(05~08)","개인사업체",34,120
"전북","광업(05~08)","회사법인",64,631
"전북","광업(05~08)","회사이외법인",1,X
"전북","제조업(10~34)","계",15570,120105
"전북","제조업(10~34)","개인사업체",9813,21336
"전북","제조업(10~34)","회사법인",5125,94824
"전북","제조업(10~34)","회사이외법인",627,3937
"전북","제조업(10~34)","비법인단체",5,8
"전북","전기, 가스, 증기 및 공기조절 공급업(35)","계",25570,28140
"전북","전기, 가스, 증기 및 공기조절 공급업(35)","개인사업체",24675,24723
"전북","전기, 가스, 증기 및 공기조절 공급업(35)","회사법인",823,2103
"전북","전기, 가스, 증기 및 공기조절 공급업(35)","회사이외법인",68,1310
"전북","전기, 가스, 증기 및 공기조절 공급업(35)","비법인단체",4,4
"전북","수도, 하수 및 폐기물 처리, 원료 재생업(36~39)","계",639,5929
"전북","수도, 하수 및 폐기물 처리, 원료 재생업(36~39)","개인사업체",212,447
"전북","수도, 하수 및 폐기물 처리, 원료 재생업(36~39)","회사법인",342,3968
"전북","수도, 하수 및 폐기물 처리, 원료 재생업(36~39)","회사이외법인",85,1514
"전북","건설업(41~42)","계",23170,68448
"전북","건설업(41~42)","개인사업체",17030,21247
"전북","건설업(41~42)","회사법인",6112,46919
"전북","건설업(41~42)","회사이외법인",26,280
"전북","건설업(41~42)","비법인단체",2,X
"전북","도매 및 소매업(45~47)","계",52432,99833
"전북","도매 및 소매업(45~47)","개인사업체",45503,68633
"전북","도매 및 소매업(45~47)","회사법인",5684,26227
"전북","도매 및 소매업(45~47)","회사이외법인",1188,4883
"전북","도매 및 소매업(45~47)","비법인단체",57,90
"전북","운수 및 창고업(49~52)","계",22586,40099
"전북","운수 및 창고업(49~52)","개인사업체",21384,23138
"전북","운수 및 창고업(49~52)","회사법인",1068,14532
"전북","운수 및 창고업(49~52)","회사이외법인",130,2410
"전북","운수 및 창고업(49~52)","비법인단체",4,19
"전북","숙박 및 음식점업(55~56)","계",31373,74778
"전북","숙박 및 음식점업(55~56)","개인사업체",30087,65717
"전북","숙박 및 음식점업(55~56)","회사법인",1011,7800
"전북","숙박 및 음식점업(55~56)","회사이외법인",266,1244
"전북","숙박 및 음식점업(55~56)","비법인단체",9,17
"전북","정보통신업(58~63)","계",1815,8535
"전북","정보통신업(58~63)","개인사업체",948,1438
"전북","정보통신업(58~63)","회사법인",619,4303
"전북","정보통신업(58~63)","회사이외법인",244,2789
"전북","정보통신업(58~63)","비법인단체",4,5
"전북","금융 및 보험업(64~66)","계",2151,24292
"전북","금융 및 보험업(64~66)","개인사업체",540,757
"전북","금융 및 보험업(64~66)","회사법인",800,14289
"전북","금융 및 보험업(64~66)","회사이외법인",758,9045
"전북","금융 및 보험업(64~66)","비법인단체",53,201
"전북","부동산업(68)","계",6970,15553
"전북","부동산업(68)","개인사업체",3562,3861
"전북","부동산업(68)","회사법인",2612,7908
"전북","부동산업(68)","회사이외법인",448,2459
"전북","부동산업(68)","비법인단체",348,1325
"전북","전문, 과학 및 기술 서비스업(70~73)","계",5380,28266
"전북","전문, 과학 및 기술 서비스업(70~73)","개인사업체",3546,7735
"전북","전문, 과학 및 기술 서비스업(70~73)","회사법인",1371,9313
"전북","전문, 과학 및 기술 서비스업(70~73)","회사이외법인",453,11201
"전북","전문, 과학 및 기술 서비스업(70~73)","비법인단체",10,17
"전북","사업시설 관리, 사업 지원 및 임대 서비스업(74~76)","계",4145,22595
"전북","사업시설 관리, 사업 지원 및 임대 서비스업(74~76)","개인사업체",2786,4897
"전북","사업시설 관리, 사업 지원 및 임대 서비스업(74~76)","회사법인",1180,16388
"전북","사업시설 관리, 사업 지원 및 임대 서비스업(74~76)","회사이외법인",160,1208
"전북","사업시설 관리, 사업 지원 및 임대 서비스업(74~76)","비법인단체",19,102
"전북","공공행정, 국방 및 사회보장 행정(84)","계",905,41284
"전북","공공행정, 국방 및 사회보장 행정(84)","회사이외법인",905,41284
"전북","교육 서비스업(85)","계",9383,59913
"전북","교육 서비스업(85)","개인사업체",7211,11742
"전북","교육 서비스업(85)","회사법인",344,2779
"전북","교육 서비스업(85)","회사이외법인",1633,43885
"전북","교육 서비스업(85)","비법인단체",195,1507
"전북","보건업 및 사회복지 서비스업(86~87)","계",7041,102573
"전북","보건업 및 사회복지 서비스업(86~87)","개인사업체",2827,24849
"전북","보건업 및 사회복지 서비스업(86~87)","회사법인",56,711
"전북","보건업 및 사회복지 서비스업(86~87)","회사이외법인",2144,48473
"전북","보건업 및 사회복지 서비스업(86~87)","비법인단체",2014,28540
"전북","예술, 스포츠 및 여가관련 서비스업(90~91)","계",5037,14752
"전북","예술, 스포츠 및 여가관련 서비스업(90~91)","개인사업체",3934,6353
"전북","예술, 스포츠 및 여가관련 서비스업(90~91)","회사법인",273,2534
"전북","예술, 스포츠 및 여가관련 서비스업(90~91)","회사이외법인",642,5516
"전북","예술, 스포츠 및 여가관련 서비스업(90~91)","비법인단체",188,349
"전북","협회 및 단체, 수리 및 기타 개인 서비스업(94~96)","계",24078,37247
"전북","협회 및 단체, 수리 및 기타 개인 서비스업(94~96)","개인사업체",15301,20247
"전북","협회 및 단체, 수리 및 기타 개인 서비스업(94~96)","회사법인",315,2962
"전북","협회 및 단체, 수리 및 기타 개인 서비스업(94~96)","회사이외법인",5439,10318
"전북","협회 및 단체, 수리 및 기타 개인 서비스업(94~96)","비법인단체",3023,3720
"전남","전체 산업","계",243020,888352
"전남","전체 산업","개인사업체",186238,309137
"전남","전체 산업","회사법인",31571,319843
"전남","전체 산업","회사이외법인",17832,220646
"전남","전체 산업","비법인단체",7379,38726
"전남","농업, 임업 및 어업(01~03)","계",2057,9869
"전남","농업, 임업 및 어업(01~03)","회사법인",1105,4294
"전남","농업, 임업 및 어업(01~03)","회사이외법인",898,5418
"전남","농업, 임업 및 어업(01~03)","비법인단체",54,157
"전남","광업(05~08)","계",848,2318
"전남","광업(05~08)","개인사업체",761,1590
"전남","광업(05~08)","회사법인",82,718
"전남","광업(05~08)","회사이외법인",5,10
"전남","제조업(10~34)","계",16993,129241
"전남","제조업(10~34)","개인사업체",10455,22276
"전남","제조업(10~34)","회사법인",5736,101444
"전남","제조업(10~34)","회사이외법인",788,5501
"전남","제조업(10~34)","비법인단체",14,20
"전남","전기, 가스, 증기 및 공기조절 공급업(35)","계",16045,23152
"전남","전기, 가스, 증기 및 공기조절 공급업(35)","개인사업체",14893,14958
"전남","전기, 가스, 증기 및 공기조절 공급업(35)","회사법인",1056,4254
"전남","전기, 가스, 증기 및 공기조절 공급업(35)","회사이외법인",93,3937
"전남","전기, 가스, 증기 및 공기조절 공급업(35)","비법인단체",3,3
"전남","수도, 하수 및 폐기물 처리, 원료 재생업(36~39)","계",821,7538
"전남","수도, 하수 및 폐기물 처리, 원료 재생업(36~39)","개인사업체",259,552
"전남","수도, 하수 및 폐기물 처리, 원료 재생업(36~39)","회사법인",413,4497
"전남","수도, 하수 및 폐기물 처리, 원료 재생업(36~39)","회사이외법인",149,2489
"전남","건설업(41~42)","계",26314,108835
"전남","건설업(41~42)","개인사업체",18890,24179
"전남","건설업(41~42)","회사법인",7408,84534
"전남","건설업(41~42)","회사이외법인",14,120
"전남","건설업(41~42)","비법인단체",2,X
"전남","도매 및 소매업(45~47)","계",54466,105727
"전남","도매 및 소매업(45~47)","개인사업체",46787,71529
"전남","도매 및 소매업(45~47)","회사법인",5962,25973
"전남","도매 및 소매업(45~47)","회사이외법인",1668,8122
"전남","도매 및 소매업(45~47)","비법인단체",49,103
"전남","운수 및 창고업(49~52)","계",24616,52183
"전남","운수 및 창고업(49~52)","개인사업체",22488,25262
"전남","운수 및 창고업(49~52)","회사법인",1904,23108
"전남","운수 및 창고업(49~52)","회사이외법인",218,3761
"전남","운수 및 창고업(49~52)","비법인단체",6,52
"전남","숙박 및 음식점업(55~56)","계",37127,82873
"전남","숙박 및 음식점업(55~56)","개인사업체",35829,73729
"전남","숙박 및 음식점업(55~56)","회사법인",1002,7889
"전남","숙박 및 음식점업(55~56)","회사이외법인",282,1230
"전남","숙박 및 음식점업(55~56)","비법인단체",14,25
"전남","정보통신업(58~63)","계",1772,9594
"전남","정보통신업(58~63)","개인사업체",810,1007
"전남","정보통신업(58~63)","회사법인",633,4634
"전남","정보통신업(58~63)","회사이외법인",325,3947
"전남","정보통신업(58~63)","비법인단체",4,6
"전남","금융 및 보험업(64~66)","계",1971,20116
"전남","금융 및 보험업(64~66)","개인사업체",419,577
"전남","금융 및 보험업(64~66)","회사법인",696,10367
"전남","금융 및 보험업(64~66)","회사이외법인",854,9170
"전남","금융 및 보험업(64~66)","비법인단체",2,X
"전남","부동산업(68)","계",5470,13503
"전남","부동산업(68)","개인사업체",2831,3133
"전남","부동산업(68)","회사법인",1835,5501
"전남","부동산업(68)","회사이외법인",580,4081
"전남","부동산업(68)","비법인단체",224,788
"전남","전문, 과학 및 기술 서비스업(70~73)","계",4716,24717
"전남","전문, 과학 및 기술 서비스업(70~73)","개인사업체",2929,6001
"전남","전문, 과학 및 기술 서비스업(70~73)","회사법인",1357,11952
"전남","전문, 과학 및 기술 서비스업(70~73)","회사이외법인",403,6717
"전남","전문, 과학 및 기술 서비스업(70~73)","비법인단체",27,47
"전남","사업시설 관리, 사업 지원 및 임대 서비스업(74~76)","계",4381,26727
"전남","사업시설 관리, 사업 지원 및 임대 서비스업(74~76)","개인사업체",2685,4494
"전남","사업시설 관리, 사업 지원 및 임대 서비스업(74~76)","회사법인",1447,20054
"전남","사업시설 관리, 사업 지원 및 임대 서비스업(74~76)","회사이외법인",210,2091
"전남","사업시설 관리, 사업 지원 및 임대 서비스업(74~76)","비법인단체",39,88
"전남","공공행정, 국방 및 사회보장 행정(84)","계",1259,58074
"전남","공공행정, 국방 및 사회보장 행정(84)","회사이외법인",1259,58074
"전남","교육 서비스업(85)","계",8124,56309
"전남","교육 서비스업(85)","개인사업체",5981,9502
"전남","교육 서비스업(85)","회사법인",263,1943
"전남","교육 서비스업(85)","회사이외법인",1699,43844
"전남","교육 서비스업(85)","비법인단체",181,1020
"전남","보건업 및 사회복지 서비스업(86~87)","계",6657,103727
"전남","보건업 및 사회복지 서비스업(86~87)","개인사업체",2289,25389
"전남","보건업 및 사회복지 서비스업(86~87)","회사법인",48,657
"전남","보건업 및 사회복지 서비스업(86~87)","회사이외법인",2218,47240
"전남","보건업 및 사회복지 서비스업(86~87)","비법인단체",2102,30441
"전남","예술, 스포츠 및 여가관련 서비스업(90~91)","계",5180,17257
"전남","예술, 스포츠 및 여가관련 서비스업(90~91)","개인사업체",3974,6200
"전남","예술, 스포츠 및 여가관련 서비스업(90~91)","회사법인",305,5160
"전남","예술, 스포츠 및 여가관련 서비스업(90~91)","회사이외법인",591,5364
"전남","예술, 스포츠 및 여가관련 서비스업(90~91)","비법인단체",310,533
"전남","협회 및 단체, 수리 및 기타 개인 서비스업(94~96)","계",24203,36592
"전남","협회 및 단체, 수리 및 기타 개인 서비스업(94~96)","개인사업체",13958,18759
"전남","협회 및 단체, 수리 및 기타 개인 서비스업(94~96)","회사법인",319,2864
"전남","협회 및 단체, 수리 및 기타 개인 서비스업(94~96)","회사이외법인",5578,9530
"전남","협회 및 단체, 수리 및 기타 개인 서비스업(94~96)","비법인단체",4348,5439
"경북","전체 산업","계",336555,1263352
"경북","전체 산업","개인사업체",270867,465130
"경북","전체 산업","회사법인",38880,476817
"경북","전체 산업","회사이외법인",18607,267893
"경북","전체 산업","비법인단체",8201,53512
"경북","농업, 임업 및 어업(01~03)","계",1271,7209
"경북","농업, 임업 및 어업(01~03)","회사법인",836,4368
"경북","농업, 임업 및 어업(01~03)","회사이외법인",421,2799
"경북","농업, 임업 및 어업(01~03)","비법인단체",14,42
"경북","광업(05~08)","계",174,1130
"경북","광업(05~08)","개인사업체",28,82
"경북","광업(05~08)","회사법인",146,1048
"경북","제조업(10~34)","계",35501,320444
"경북","제조업(10~34)","개인사업체",24421,73168
"경북","제조업(10~34)","회사법인",10533,242911
"경북","제조업(10~34)","회사이외법인",540,4357
"경북","제조업(10~34)","비법인단체",7,8
"경북","전기, 가스, 증기 및 공기조절 공급업(35)","계",15073,22051
"경북","전기, 가스, 증기 및 공기조절 공급업(35)","개인사업체",14240,14376
"경북","전기, 가스, 증기 및 공기조절 공급업(35)","회사법인",717,5784
"경북","전기, 가스, 증기 및 공기조절 공급업(35)","회사이외법인",110,1885
"경북","전기, 가스, 증기 및 공기조절 공급업(35)","비법인단체",6,6
"경북","수도, 하수 및 폐기물 처리, 원료 재생업(36~39)","계",1243,10688
"경북","수도, 하수 및 폐기물 처리, 원료 재생업(36~39)","개인사업체",495,1492
"경북","수도, 하수 및 폐기물 처리, 원료 재생업(36~39)","회사법인",620,6366
"경북","수도, 하수 및 폐기물 처리, 원료 재생업(36~39)","회사이외법인",127,2828
"경북","수도, 하수 및 폐기물 처리, 원료 재생업(36~39)","비법인단체",1,X
"경북","건설업(41~42)","계",33756,101001
"경북","건설업(41~42)","개인사업체",25891,32918
"경북","건설업(41~42)","회사법인",7843,67747
"경북","건설업(41~42)","회사이외법인",18,287
"경북","건설업(41~42)","비법인단체",4,49
"경북","도매 및 소매업(45~47)","계",73945,142835
"경북","도매 및 소매업(45~47)","개인사업체",65884,103399
"경북","도매 및 소매업(45~47)","회사법인",6645,31639
"경북","도매 및 소매업(45~47)","회사이외법인",1366,7686
"경북","도매 및 소매업(45~47)","비법인단체",50,111
"경북","운수 및 창고업(49~52)","계",33831,62288
"경북","운수 및 창고업(49~52)","개인사업체",31962,35749
"경북","운수 및 창고업(49~52)","회사법인",1651,21292
"경북","운수 및 창고업(49~52)","회사이외법인",211,5213
"경북","운수 및 창고업(49~52)","비법인단체",7,34
"경북","숙박 및 음식점업(55~56)","계",54980,117020
"경북","숙박 및 음식점업(55~56)","개인사업체",53279,104245
"경북","숙박 및 음식점업(55~56)","회사법인",1380,11083
"경북","숙박 및 음식점업(55~56)","회사이외법인",304,1660
"경북","숙박 및 음식점업(55~56)","비법인단체",17,32
"경북","정보통신업(58~63)","계",2449,10390
"경북","정보통신업(58~63)","개인사업체",1368,1902
"경북","정보통신업(58~63)","회사법인",747,5334
"경북","정보통신업(58~63)","회사이외법인",323,3135
"경북","정보통신업(58~63)","비법인단체",11,19
"경북","금융 및 보험업(64~66)","계",2669,24138
"경북","금융 및 보험업(64~66)","개인사업체",720,1074
"경북","금융 및 보험업(64~66)","회사법인",817,12876
"경북","금융 및 보험업(64~66)","회사이외법인",1112,10165
"경북","금융 및 보험업(64~66)","비법인단체",20,23
"경북","부동산업(68)","계",8705,19947
"경북","부동산업(68)","개인사업체",5131,5989
"경북","부동산업(68)","회사법인",2331,7830
"경북","부동산업(68)","회사이외법인",831,4842
"경북","부동산업(68)","비법인단체",412,1286
"경북","전문, 과학 및 기술 서비스업(70~73)","계",6466,39105
"경북","전문, 과학 및 기술 서비스업(70~73)","개인사업체",4072,8243
"경북","전문, 과학 및 기술 서비스업(70~73)","회사법인",1807,21512
"경북","전문, 과학 및 기술 서비스업(70~73)","회사이외법인",564,9315
"경북","전문, 과학 및 기술 서비스업(70~73)","비법인단체",23,35
"경북","사업시설 관리, 사업 지원 및 임대 서비스업(74~76)","계",5941,34209
"경북","사업시설 관리, 사업 지원 및 임대 서비스업(74~76)","개인사업체",4112,8347
"경북","사업시설 관리, 사업 지원 및 임대 서비스업(74~76)","회사법인",1610,23215
"경북","사업시설 관리, 사업 지원 및 임대 서비스업(74~76)","회사이외법인",195,2584
"경북","사업시설 관리, 사업 지원 및 임대 서비스업(74~76)","비법인단체",24,63
"경북","공공행정, 국방 및 사회보장 행정(84)","계",1242,62358
"경북","공공행정, 국방 및 사회보장 행정(84)","회사이외법인",1241,62355
"경북","공공행정, 국방 및 사회보장 행정(84)","비법인단체",1,X
"경북","교육 서비스업(85)","계",12585,82638
"경북","교육 서비스업(85)","개인사업체",9991,16120
"경북","교육 서비스업(85)","회사법인",397,3028
"경북","교육 서비스업(85)","회사이외법인",1941,61385
"경북","교육 서비스업(85)","비법인단체",256,2105
"경북","보건업 및 사회복지 서비스업(86~87)","계",8441,134791
"경북","보건업 및 사회복지 서비스업(86~87)","개인사업체",3064,21604
"경북","보건업 및 사회복지 서비스업(86~87)","회사법인",78,1146
"경북","보건업 및 사회복지 서비스업(86~87)","회사이외법인",2478,68954
"경북","보건업 및 사회복지 서비스업(86~87)","비법인단체",2821,43087
"경북","예술, 스포츠 및 여가관련 서비스업(90~91)","계",7028,21795
"경북","예술, 스포츠 및 여가관련 서비스업(90~91)","개인사업체",5827,8925
"경북","예술, 스포츠 및 여가관련 서비스업(90~91)","회사법인",375,5954
"경북","예술, 스포츠 및 여가관련 서비스업(90~91)","회사이외법인",618,6470
"경북","예술, 스포츠 및 여가관련 서비스업(90~91)","비법인단체",208,446
"경북","협회 및 단체, 수리 및 기타 개인 서비스업(94~96)","계",31255,49315
"경북","협회 및 단체, 수리 및 기타 개인 서비스업(94~96)","개인사업체",20382,27497
"경북","협회 및 단체, 수리 및 기타 개인 서비스업(94~96)","회사법인",347,3684
"경북","협회 및 단체, 수리 및 기타 개인 서비스업(94~96)","회사이외법인",6207,11973
"경북","협회 및 단체, 수리 및 기타 개인 서비스업(94~96)","비법인단체",4319,6161
"경남","전체 산업","계",399164,1547788
"경남","전체 산업","개인사업체",323703,597461
"경남","전체 산업","회사법인",46314,595897
"경남","전체 산업","회사이외법인",18833,290588
"경남","전체 산업","비법인단체",10314,63842
"경남","농업, 임업 및 어업(01~03)","계",1149,6363
"경남","농업, 임업 및 어업(01~03)","회사법인",731,3140
"경남","농업, 임업 및 어업(01~03)","회사이외법인",398,3130
"경남","농업, 임업 및 어업(01~03)","비법인단체",20,93
"경남","광업(05~08)","계",86,669
"경남","광업(05~08)","개인사업체",19,33
"경남","광업(05~08)","회사법인",67,636
"경남","제조업(10~34)","계",46864,413205
"경남","제조업(10~34)","개인사업체",33576,107955
"경남","제조업(10~34)","회사법인",12866,301449
"경남","제조업(10~34)","회사이외법인",415,3792
"경남","제조업(10~34)","비법인단체",7,9
"경남","전기, 가스, 증기 및 공기조절 공급업(35)","계",7643,11753
"경남","전기, 가스, 증기 및 공기조절 공급업(35)","개인사업체",7093,7119
"경남","전기, 가스, 증기 및 공기조절 공급업(35)","회사법인",463,2608
"경남","전기, 가스, 증기 및 공기조절 공급업(35)","회사이외법인",83,2022
"경남","전기, 가스, 증기 및 공기조절 공급업(35)","비법인단체",4,4
"경남","수도, 하수 및 폐기물 처리, 원료 재생업(36~39)","계",1268,11128
"경남","수도, 하수 및 폐기물 처리, 원료 재생업(36~39)","개인사업체",514,1553
"경남","수도, 하수 및 폐기물 처리, 원료 재생업(36~39)","회사법인",611,6784
"경남","수도, 하수 및 폐기물 처리, 원료 재생업(36~39)","회사이외법인",142,2789
"경남","수도, 하수 및 폐기물 처리, 원료 재생업(36~39)","비법인단체",1,X
"경남","건설업(41~42)","계",33704,103502
"경남","건설업(41~42)","개인사업체",26003,35447
"경남","건설업(41~42)","회사법인",7671,67701
"경남","건설업(41~42)","회사이외법인",23,297
"경남","건설업(41~42)","비법인단체",7,57
"경남","도매 및 소매업(45~47)","계",90637,179320
"경남","도매 및 소매업(45~47)","개인사업체",80860,126050
"경남","도매 및 소매업(45~47)","회사법인",8620,47484
"경남","도매 및 소매업(45~47)","회사이외법인",1124,5731
"경남","도매 및 소매업(45~47)","비법인단체",33,55
"경남","운수 및 창고업(49~52)","계",38517,85204
"경남","운수 및 창고업(49~52)","개인사업체",36209,41739
"경남","운수 및 창고업(49~52)","회사법인",2044,39615
"경남","운수 및 창고업(49~52)","회사이외법인",247,3791
"경남","운수 및 창고업(49~52)","비법인단체",17,59
"경남","숙박 및 음식점업(55~56)","계",67454,148810
"경남","숙박 및 음식점업(55~56)","개인사업체",65352,131834
"경남","숙박 및 음식점업(55~56)","회사법인",1740,14805
"경남","숙박 및 음식점업(55~56)","회사이외법인",355,2148
"경남","숙박 및 음식점업(55~56)","비법인단체",7,23
"경남","정보통신업(58~63)","계",2961,13633
"경남","정보통신업(58~63)","개인사업체",1766,2515
"경남","정보통신업(58~63)","회사법인",896,7409
"경남","정보통신업(58~63)","회사이외법인",288,3693
"경남","정보통신업(58~63)","비법인단체",11,16
"경남","금융 및 보험업(64~66)","계",3326,35492
"경남","금융 및 보험업(64~66)","개인사업체",816,1445
"경남","금융 및 보험업(64~66)","회사법인",1300,22468
"경남","금융 및 보험업(64~66)","회사이외법인",1188,11544
"경남","금융 및 보험업(64~66)","비법인단체",22,35
"경남","부동산업(68)","계",13607,32666
"경남","부동산업(68)","개인사업체",7442,8462
"경남","부동산업(68)","회사법인",3614,10741
"경남","부동산업(68)","회사이외법인",1395,10283
"경남","부동산업(68)","비법인단체",1156,3180
"경남","전문, 과학 및 기술 서비스업(70~73)","계",9562,44873
"경남","전문, 과학 및 기술 서비스업(70~73)","개인사업체",6832,13464
"경남","전문, 과학 및 기술 서비스업(70~73)","회사법인",2038,19148
"경남","전문, 과학 및 기술 서비스업(70~73)","회사이외법인",672,12203
"경남","전문, 과학 및 기술 서비스업(70~73)","비법인단체",20,58
"경남","사업시설 관리, 사업 지원 및 임대 서비스업(74~76)","계",7737,46599
"경남","사업시설 관리, 사업 지원 및 임대 서비스업(74~76)","개인사업체",5505,10775
"경남","사업시설 관리, 사업 지원 및 임대 서비스업(74~76)","회사법인",1982,33441
"경남","사업시설 관리, 사업 지원 및 임대 서비스업(74~76)","회사이외법인",204,2274
"경남","사업시설 관리, 사업 지원 및 임대 서비스업(74~76)","비법인단체",46,109
"경남","공공행정, 국방 및 사회보장 행정(84)","계",1065,63563
"경남","공공행정, 국방 및 사회보장 행정(84)","회사이외법인",1064,63561
"경남","공공행정, 국방 및 사회보장 행정(84)","비법인단체",1,X
"경남","교육 서비스업(85)","계",17966,100994
"경남","교육 서비스업(85)","개인사업체",14979,25858
"경남","교육 서비스업(85)","회사법인",619,4803
"경남","교육 서비스업(85)","회사이외법인",2011,66742
"경남","교육 서비스업(85)","비법인단체",357,3591
"경남","보건업 및 사회복지 서비스업(86~87)","계",10380,165589
"경남","보건업 및 사회복지 서비스업(86~87)","개인사업체",4278,37132
"경남","보건업 및 사회복지 서비스업(86~87)","회사법인",106,1796
"경남","보건업 및 사회복지 서비스업(86~87)","회사이외법인",2381,77012
"경남","보건업 및 사회복지 서비스업(86~87)","비법인단체",3615,49649
"경남","예술, 스포츠 및 여가관련 서비스업(90~91)","계",8344,25298
"경남","예술, 스포츠 및 여가관련 서비스업(90~91)","개인사업체",6860,11135
"경남","예술, 스포츠 및 여가관련 서비스업(90~91)","회사법인",449,6681
"경남","예술, 스포츠 및 여가관련 서비스업(90~91)","회사이외법인",714,6923
"경남","예술, 스포츠 및 여가관련 서비스업(90~91)","비법인단체",321,559
"경남","협회 및 단체, 수리 및 기타 개인 서비스업(94~96)","계",36894,59127
"경남","협회 및 단체, 수리 및 기타 개인 서비스업(94~96)","개인사업체",25599,34945
"경남","협회 및 단체, 수리 및 기타 개인 서비스업(94~96)","회사법인",497,5188
"경남","협회 및 단체, 수리 및 기타 개인 서비스업(94~96)","회사이외법인",6129,12653
"경남","협회 및 단체, 수리 및 기타 개인 서비스업(94~96)","비법인단체",4669,6341
"제주","전체 산업","계",99122,328773
"제주","전체 산업","개인사업체",79741,139294
"제주","전체 산업","회사법인",12367,100452
"제주","전체 산업","회사이외법인",5281,81196
"제주","전체 산업","비법인단체",1733,7831
"제주","농업, 임업 및 어업(01~03)","계",719,3517
"제주","농업, 임업 및 어업(01~03)","회사법인",352,1204
"제주","농업, 임업 및 어업(01~03)","회사이외법인",361,2280
"제주","농업, 임업 및 어업(01~03)","비법인단체",6,33
"제주","광업(05~08)","계",11,161
"제주","광업(05~08)","개인사업체",2,X
"제주","광업(05~08)","회사법인",9,158
"제주","제조업(10~34)","계",3410,12966
"제주","제조업(10~34)","개인사업체",2465,4747
"제주","제조업(10~34)","회사법인",795,6125
"제주","제조업(10~34)","회사이외법인",150,2094
"제주","전기, 가스, 증기 및 공기조절 공급업(35)","계",1121,2496
"제주","전기, 가스, 증기 및 공기조절 공급업(35)","개인사업체",978,979
"제주","전기, 가스, 증기 및 공기조절 공급업(35)","회사법인",127,913
"제주","전기, 가스, 증기 및 공기조절 공급업(35)","회사이외법인",16,604
"제주","수도, 하수 및 폐기물 처리, 원료 재생업(36~39)","계",196,1284
"제주","수도, 하수 및 폐기물 처리, 원료 재생업(36~39)","개인사업체",86,221
"제주","수도, 하수 및 폐기물 처리, 원료 재생업(36~39)","회사법인",74,546
"제주","수도, 하수 및 폐기물 처리, 원료 재생업(36~39)","회사이외법인",36,517
"제주","건설업(41~42)","계",9597,29094
"제주","건설업(41~42)","개인사업체",7174,9479
"제주","건설업(41~42)","회사법인",2415,19325
"제주","건설업(41~42)","회사이외법인",8,290
"제주","도매 및 소매업(45~47)","계",21986,48997
"제주","도매 및 소매업(45~47)","개인사업체",19152,32483
"제주","도매 및 소매업(45~47)","회사법인",2398,12625
"제주","도매 및 소매업(45~47)","회사이외법인",423,3871
"제주","도매 및 소매업(45~47)","비법인단체",13,18
"제주","운수 및 창고업(49~52)","계",8429,19321
"제주","운수 및 창고업(49~52)","개인사업체",7961,8801
"제주","운수 및 창고업(49~52)","회사법인",413,9192
"제주","운수 및 창고업(49~52)","회사이외법인",50,1307
"제주","운수 및 창고업(49~52)","비법인단체",5,21
"제주","숙박 및 음식점업(55~56)","계",24251,61124
"제주","숙박 및 음식점업(55~56)","개인사업체",22945,47548
"제주","숙박 및 음식점업(55~56)","회사법인",1179,12734
"제주","숙박 및 음식점업(55~56)","회사이외법인",125,840
"제주","숙박 및 음식점업(55~56)","비법인단체",2,X
"제주","정보통신업(58~63)","계",1083,5774
"제주","정보통신업(58~63)","개인사업체",607,765
"제주","정보통신업(58~63)","회사법인",422,4170
"제주","정보통신업(58~63)","회사이외법인",53,838
"제주","정보통신업(58~63)","비법인단체",1,X
"제주","금융 및 보험업(64~66)","계",887,8572
"제주","금융 및 보험업(64~66)","개인사업체",246,307
"제주","금융 및 보험업(64~66)","회사법인",302,4364
"제주","금융 및 보험업(64~66)","회사이외법인",334,3896
"제주","금융 및 보험업(64~66)","비법인단체",5,5
"제주","부동산업(68)","계",4095,6823
"제주","부동산업(68)","개인사업체",2161,2338
"제주","부동산업(68)","회사법인",1502,3124
"제주","부동산업(68)","회사이외법인",268,948
"제주","부동산업(68)","비법인단체",164,413
"제주","전문, 과학 및 기술 서비스업(70~73)","계",2975,10330
"제주","전문, 과학 및 기술 서비스업(70~73)","개인사업체",2150,4056
"제주","전문, 과학 및 기술 서비스업(70~73)","회사법인",631,3452
"제주","전문, 과학 및 기술 서비스업(70~73)","회사이외법인",193,2821
"제주","전문, 과학 및 기술 서비스업(70~73)","비법인단체",1,X
"제주","사업시설 관리, 사업 지원 및 임대 서비스업(74~76)","계",2880,15066
"제주","사업시설 관리, 사업 지원 및 임대 서비스업(74~76)","개인사업체",1585,2403
"제주","사업시설 관리, 사업 지원 및 임대 서비스업(74~76)","회사법인",1057,11560
"제주","사업시설 관리, 사업 지원 및 임대 서비스업(74~76)","회사이외법인",160,952
"제주","사업시설 관리, 사업 지원 및 임대 서비스업(74~76)","비법인단체",78,151
"제주","공공행정, 국방 및 사회보장 행정(84)","계",221,20146
"제주","공공행정, 국방 및 사회보장 행정(84)","회사이외법인",221,20146
"제주","교육 서비스업(85)","계",4217,23301
"제주","교육 서비스업(85)","개인사업체",3502,6293
"제주","교육 서비스업(85)","회사법인",198,1940
"제주","교육 서비스업(85)","회사이외법인",489,14963
"제주","교육 서비스업(85)","비법인단체",28,105
"제주","보건업 및 사회복지 서비스업(86~87)","계",2300,31847
"제주","보건업 및 사회복지 서비스업(86~87)","개인사업체",1123,7033
"제주","보건업 및 사회복지 서비스업(86~87)","회사법인",30,483
"제주","보건업 및 사회복지 서비스업(86~87)","회사이외법인",683,18499
"제주","보건업 및 사회복지 서비스업(86~87)","비법인단체",464,5832
"제주","예술, 스포츠 및 여가관련 서비스업(90~91)","계",2784,13281
"제주","예술, 스포츠 및 여가관련 서비스업(90~91)","개인사업체",2213,3952
"제주","예술, 스포츠 및 여가관련 서비스업(90~91)","회사법인",300,6461
"제주","예술, 스포츠 및 여가관련 서비스업(90~91)","회사이외법인",219,2760
"제주","예술, 스포츠 및 여가관련 서비스업(90~91)","비법인단체",52,108
"제주","협회 및 단체, 수리 및 기타 개인 서비스업(94~96)","계",7960,14673
"제주","협회 및 단체, 수리 및 기타 개인 서비스업(94~96)","개인사업체",5391,7886
"제주","협회 및 단체, 수리 및 기타 개인 서비스업(94~96)","회사법인",163,2076
"제주","협회 및 단체, 수리 및 기타 개인 서비스업(94~96)","회사이외법인",1492,3570
"제주","협회 및 단체, 수리 및 기타 개인 서비스업(94~96)","비법인단체",914,1141
